#node1	node2	node1_string_id	node2_string_id	neighborhood_on_chromosome	gene_fusion	phylogenetic_cooccurrence	homology	coexpression	experimentally_determined_interaction	database_annotated	automated_textmining	combined_score
ABHD12	CIB2	9606.ENSP00000365725	9606.ENSP00000258930	0	0	0	0	0	0	0	0.543	0.543
ABHD12	ADGRV1	9606.ENSP00000365725	9606.ENSP00000384582	0	0	0	0	0	0	0	0.434	0.434
ABHD12	PDZD7	9606.ENSP00000365725	9606.ENSP00000480489	0	0	0	0	0.067	0	0	0.454	0.469
ABHD12	CEP78	9606.ENSP00000365725	9606.ENSP00000365782	0	0	0	0	0.051	0	0	0.474	0.479
ACE2	SIRT1	9606.ENSP00000389326	9606.ENSP00000212015	0	0	0	0	0	0	0	0.438	0.438
ACE2	CCL2	9606.ENSP00000389326	9606.ENSP00000225831	0	0	0	0	0	0	0	0.712	0.712
ACE2	APOE	9606.ENSP00000389326	9606.ENSP00000252486	0	0	0	0	0	0	0	0.432	0.432
ACE2	CRP	9606.ENSP00000389326	9606.ENSP00000255030	0	0	0	0	0.044	0	0	0.876	0.876
ACE2	IL1A	9606.ENSP00000389326	9606.ENSP00000263339	0	0	0	0	0	0	0	0.621	0.621
ACE2	IL1B	9606.ENSP00000389326	9606.ENSP00000263341	0	0	0	0	0	0	0	0.764	0.764
ACE2	ICAM1	9606.ENSP00000389326	9606.ENSP00000264832	0	0	0	0	0	0	0	0.654	0.654
ACE2	ITGA2	9606.ENSP00000389326	9606.ENSP00000296585	0	0	0	0	0	0.363	0	0.116	0.412
ACE2	CASP3	9606.ENSP00000389326	9606.ENSP00000311032	0	0	0	0	0.047	0	0	0.402	0.406
ACE2	AGT	9606.ENSP00000389326	9606.ENSP00000355627	0	0	0	0	0.042	0.739	0.750	0.989	0.999
ACE2	MMP9	9606.ENSP00000389326	9606.ENSP00000361405	0	0	0	0	0	0	0	0.407	0.407
ACE2	TLR4	9606.ENSP00000389326	9606.ENSP00000363089	0	0	0	0	0	0	0	0.714	0.714
ACE2	VIM	9606.ENSP00000389326	9606.ENSP00000446007	0	0	0	0	0	0.510	0	0.338	0.661
ACE2	TNF	9606.ENSP00000389326	9606.ENSP00000398698	0	0	0	0	0	0	0	0.770	0.770
ACO2	APOE	9606.ENSP00000216254	9606.ENSP00000252486	0	0	0	0	0	0	0	0.450	0.450
ACO2	SOD1	9606.ENSP00000216254	9606.ENSP00000270142	0	0	0	0	0.085	0.228	0	0.515	0.628
ACO2	IDH3B	9606.ENSP00000216254	9606.ENSP00000482773	0.091	0	0	0	0.665	0.093	0.962	0.708	0.996
ADAM9	PITPNM3	9606.ENSP00000419446	9606.ENSP00000262483	0	0	0	0	0	0	0	0.629	0.629
ADAM9	TIMP3	9606.ENSP00000419446	9606.ENSP00000266085	0	0	0	0	0.085	0	0	0.541	0.562
ADAM9	UNC119	9606.ENSP00000419446	9606.ENSP00000337040	0	0	0	0	0	0	0	0.553	0.553
ADAM9	MMP9	9606.ENSP00000419446	9606.ENSP00000361405	0	0	0	0	0.106	0	0	0.410	0.450
ADAM9	TLR4	9606.ENSP00000419446	9606.ENSP00000363089	0	0	0	0	0.087	0	0	0.444	0.470
ADAM9	RPGRIP1	9606.ENSP00000419446	9606.ENSP00000382895	0	0	0	0	0	0	0	0.615	0.615
ADAM9	PROM1	9606.ENSP00000419446	9606.ENSP00000426809	0	0	0	0	0	0	0	0.450	0.450
ADAM9	CDHR1	9606.ENSP00000419446	9606.ENSP00000485478	0	0	0	0	0.054	0	0	0.596	0.601
ADGRV1	CIB2	9606.ENSP00000384582	9606.ENSP00000258930	0	0	0	0	0	0	0	0.740	0.740
ADGRV1	RPGRIP1	9606.ENSP00000384582	9606.ENSP00000382895	0	0	0	0	0	0	0	0.455	0.455
ADGRV1	FBN2	9606.ENSP00000384582	9606.ENSP00000424571	0	0	0	0	0.042	0.068	0	0.396	0.413
ADGRV1	RPGR	9606.ENSP00000384582	9606.ENSP00000495537	0	0	0	0	0.045	0	0	0.431	0.433
ADGRV1	PDE6B	9606.ENSP00000384582	9606.ENSP00000420295	0	0	0	0	0.079	0.049	0	0.519	0.542
ADGRV1	MYO7A	9606.ENSP00000384582	9606.ENSP00000386331	0	0	0	0	0.055	0.095	0	0.940	0.944
ADGRV1	PDZD7	9606.ENSP00000384582	9606.ENSP00000480489	0	0	0	0	0	0.292	0.720	0.987	0.997
AGBL5	TTLL5	9606.ENSP00000353249	9606.ENSP00000298832	0	0	0	0	0	0	0	0.567	0.567
AGT	SIRT1	9606.ENSP00000355627	9606.ENSP00000212015	0	0	0	0	0	0	0	0.602	0.602
AGT	HMOX1	9606.ENSP00000355627	9606.ENSP00000216117	0	0	0	0	0.044	0	0	0.611	0.612
AGT	CCL2	9606.ENSP00000355627	9606.ENSP00000225831	0	0	0	0	0.044	0	0	0.728	0.729
AGT	C3	9606.ENSP00000355627	9606.ENSP00000245907	0	0	0	0	0.169	0	0.500	0.375	0.718
AGT	APOE	9606.ENSP00000355627	9606.ENSP00000252486	0	0	0	0	0.152	0	0	0.834	0.853
AGT	CRP	9606.ENSP00000355627	9606.ENSP00000255030	0	0	0	0	0.077	0	0	0.696	0.707
AGT	ARG2	9606.ENSP00000355627	9606.ENSP00000261783	0	0	0	0	0.080	0	0	0.426	0.450
AGT	IL1A	9606.ENSP00000355627	9606.ENSP00000263339	0	0	0	0	0.055	0	0	0.582	0.588
AGT	IL1B	9606.ENSP00000355627	9606.ENSP00000263341	0	0	0	0	0.055	0	0	0.728	0.731
AGT	ICAM1	9606.ENSP00000355627	9606.ENSP00000264832	0	0	0	0	0.047	0	0	0.657	0.659
AGT	TIMP3	9606.ENSP00000355627	9606.ENSP00000266085	0	0	0	0	0.086	0	0	0.394	0.422
AGT	CRH	9606.ENSP00000355627	9606.ENSP00000276571	0	0	0	0	0.060	0	0	0.669	0.675
AGT	MTNR1A	9606.ENSP00000355627	9606.ENSP00000302811	0	0	0	0	0	0	0.500	0	0.499
AGT	CASP3	9606.ENSP00000355627	9606.ENSP00000311032	0	0	0	0	0.055	0	0	0.600	0.606
AGT	NOS2	9606.ENSP00000355627	9606.ENSP00000327251	0	0	0	0	0.059	0	0	0.461	0.472
AGT	HP	9606.ENSP00000355627	9606.ENSP00000348170	0	0	0	0	0.111	0.045	0	0.371	0.420
AGT	PTPRC	9606.ENSP00000355627	9606.ENSP00000411355	0	0	0	0	0	0	0	0.403	0.403
AGT	COL4A1	9606.ENSP00000355627	9606.ENSP00000364979	0	0	0	0	0.067	0.051	0	0.405	0.427
AGT	RBP4	9606.ENSP00000355627	9606.ENSP00000360522	0	0	0	0	0.254	0	0	0.392	0.527
AGT	CST3	9606.ENSP00000355627	9606.ENSP00000381448	0	0	0	0	0.086	0	0	0.507	0.530
AGT	BCL2	9606.ENSP00000355627	9606.ENSP00000381185	0	0	0	0	0	0	0	0.561	0.561
AGT	MMP9	9606.ENSP00000355627	9606.ENSP00000361405	0	0	0	0	0.110	0	0	0.681	0.704
AGT	TNF	9606.ENSP00000355627	9606.ENSP00000398698	0	0	0	0	0	0	0	0.856	0.856
AGT	TLR4	9606.ENSP00000355627	9606.ENSP00000363089	0	0	0	0	0	0	0	0.866	0.866
AHI1	GUCA1B	9606.ENSP00000265602	9606.ENSP00000230361	0	0	0	0	0.056	0.111	0	0.383	0.437
AHI1	BBS2	9606.ENSP00000265602	9606.ENSP00000245157	0	0	0	0	0.048	0.064	0	0.601	0.614
AHI1	IFT80	9606.ENSP00000265602	9606.ENSP00000312778	0	0	0	0	0.111	0.105	0	0.329	0.420
AHI1	SPATA7	9606.ENSP00000265602	9606.ENSP00000377176	0	0	0	0	0.066	0.259	0	0.435	0.575
AHI1	RPGR	9606.ENSP00000265602	9606.ENSP00000495537	0	0	0	0	0.064	0.055	0	0.560	0.577
AHI1	SDCCAG8	9606.ENSP00000265602	9606.ENSP00000355499	0	0	0	0	0.080	0.060	0	0.566	0.593
AHI1	RPGRIP1	9606.ENSP00000265602	9606.ENSP00000382895	0	0	0	0	0	0.045	0	0.748	0.749
AHI1	IQCB1	9606.ENSP00000265602	9606.ENSP00000311505	0	0	0	0	0.056	0.189	0	0.795	0.829
AHI1	OFD1	9606.ENSP00000265602	9606.ENSP00000344314	0	0	0	0	0.103	0.306	0	0.816	0.876
AHI1	CEP290	9606.ENSP00000265602	9606.ENSP00000448012	0	0	0	0	0.138	0.060	0.720	0.956	0.988
AHI1	NPHP1	9606.ENSP00000265602	9606.ENSP00000313169	0	0	0	0	0.047	0.314	0	0.991	0.993
AIFM1	BCL2	9606.ENSP00000287295	9606.ENSP00000381185	0	0	0	0	0	0	0	0.446	0.446
AIFM1	PDE6B	9606.ENSP00000287295	9606.ENSP00000420295	0	0	0	0	0	0	0	0.496	0.495
AIFM1	CASP9	9606.ENSP00000287295	9606.ENSP00000330237	0	0	0	0	0.082	0	0	0.533	0.553
AIFM1	CASP3	9606.ENSP00000287295	9606.ENSP00000311032	0	0	0	0	0.042	0	0	0.670	0.670
APOE	SIRT1	9606.ENSP00000252486	9606.ENSP00000212015	0	0	0	0	0	0	0	0.584	0.584
APOE	HMOX1	9606.ENSP00000252486	9606.ENSP00000216117	0	0	0	0	0.083	0	0	0.552	0.572
APOE	PON1	9606.ENSP00000252486	9606.ENSP00000222381	0	0	0	0	0.103	0	0.720	0.918	0.977
APOE	CCL2	9606.ENSP00000252486	9606.ENSP00000225831	0	0	0	0	0.125	0	0	0.721	0.746
APOE	C3	9606.ENSP00000252486	9606.ENSP00000245907	0	0	0	0	0.196	0	0	0.681	0.732
APOE	C2	9606.ENSP00000252486	9606.ENSP00000299367	0	0	0	0	0.161	0	0	0.317	0.402
APOE	ARG2	9606.ENSP00000252486	9606.ENSP00000261783	0	0	0	0	0.066	0	0	0.390	0.405
APOE	VIM	9606.ENSP00000252486	9606.ENSP00000446007	0	0	0	0	0.095	0	0	0.373	0.408
APOE	NOS2	9606.ENSP00000252486	9606.ENSP00000327251	0	0	0	0	0.067	0	0	0.404	0.420
APOE	RBP4	9606.ENSP00000252486	9606.ENSP00000360522	0	0	0	0	0.186	0	0	0.339	0.439
APOE	CHAT	9606.ENSP00000252486	9606.ENSP00000337103	0	0	0	0	0	0	0	0.446	0.446
APOE	BCL2	9606.ENSP00000252486	9606.ENSP00000381185	0	0	0	0	0.055	0	0	0.484	0.491
APOE	TTPA	9606.ENSP00000252486	9606.ENSP00000260116	0	0	0	0	0	0	0	0.494	0.494
APOE	ATF6	9606.ENSP00000252486	9606.ENSP00000356919	0	0	0	0	0	0	0	0.525	0.525
APOE	SOD1	9606.ENSP00000252486	9606.ENSP00000270142	0	0	0	0	0.090	0	0	0.511	0.536
APOE	THY1	9606.ENSP00000252486	9606.ENSP00000284240	0	0	0	0	0.120	0	0	0.505	0.545
APOE	TIMP3	9606.ENSP00000252486	9606.ENSP00000266085	0	0	0	0	0.080	0	0	0.526	0.545
APOE	CFI	9606.ENSP00000252486	9606.ENSP00000378131	0	0	0	0	0.068	0	0	0.545	0.557
APOE	OCLN	9606.ENSP00000252486	9606.ENSP00000347379	0	0	0	0	0.052	0	0	0.576	0.580
APOE	PTPRC	9606.ENSP00000252486	9606.ENSP00000411355	0	0	0	0	0.042	0	0	0.580	0.580
APOE	SQSTM1	9606.ENSP00000252486	9606.ENSP00000374455	0	0	0	0	0.055	0	0	0.593	0.598
APOE	IL1A	9606.ENSP00000252486	9606.ENSP00000263339	0	0	0	0	0.067	0	0	0.591	0.602
APOE	CASP3	9606.ENSP00000252486	9606.ENSP00000311032	0	0	0	0	0.046	0	0	0.612	0.614
APOE	CP	9606.ENSP00000252486	9606.ENSP00000264613	0	0	0	0	0.072	0	0	0.637	0.648
APOE	ITM2B	9606.ENSP00000252486	9606.ENSP00000497221	0	0	0	0	0.101	0	0.500	0.319	0.667
APOE	MERTK	9606.ENSP00000252486	9606.ENSP00000295408	0	0	0	0	0.100	0	0	0.678	0.698
APOE	CFB	9606.ENSP00000252486	9606.ENSP00000416561	0	0	0	0	0.130	0	0	0.670	0.700
APOE	LRP5	9606.ENSP00000252486	9606.ENSP00000294304	0	0	0	0	0	0	0	0.736	0.736
APOE	MMP9	9606.ENSP00000252486	9606.ENSP00000361405	0	0	0	0	0.140	0.045	0	0.741	0.769
APOE	TLR4	9606.ENSP00000252486	9606.ENSP00000363089	0	0	0	0	0.044	0	0	0.776	0.777
APOE	ICAM1	9606.ENSP00000252486	9606.ENSP00000264832	0	0	0	0	0.054	0	0	0.786	0.789
APOE	CRP	9606.ENSP00000252486	9606.ENSP00000255030	0	0	0	0	0.098	0	0	0.791	0.803
APOE	TNF	9606.ENSP00000252486	9606.ENSP00000398698	0	0	0	0	0	0	0	0.806	0.806
APOE	HP	9606.ENSP00000252486	9606.ENSP00000348170	0	0	0	0	0.083	0.370	0	0.699	0.811
APOE	C9	9606.ENSP00000252486	9606.ENSP00000263408	0	0	0	0	0.045	0.595	0	0.565	0.817
APOE	IL1B	9606.ENSP00000252486	9606.ENSP00000263341	0	0	0	0	0.087	0	0	0.839	0.846
APOE	CST3	9606.ENSP00000252486	9606.ENSP00000381448	0	0	0	0	0.117	0	0.500	0.689	0.850
APOE	CFH	9606.ENSP00000252486	9606.ENSP00000356399	0	0	0	0	0.103	0.292	0	0.940	0.958
ARG2	CCL2	9606.ENSP00000261783	9606.ENSP00000225831	0	0	0	0	0	0	0	0.578	0.578
ARG2	ICAM1	9606.ENSP00000261783	9606.ENSP00000264832	0	0	0	0	0	0	0	0.419	0.418
ARG2	PTPRC	9606.ENSP00000261783	9606.ENSP00000411355	0	0	0	0	0	0	0	0.438	0.438
ARG2	MMP9	9606.ENSP00000261783	9606.ENSP00000361405	0	0	0	0	0.052	0	0	0.471	0.477
ARG2	IL1A	9606.ENSP00000261783	9606.ENSP00000263339	0	0	0	0	0.069	0	0	0.485	0.500
ARG2	TLR4	9606.ENSP00000261783	9606.ENSP00000363089	0	0	0	0	0.050	0	0	0.495	0.500
ARG2	CTH	9606.ENSP00000261783	9606.ENSP00000359976	0.097	0	0	0	0.157	0	0	0.417	0.518
ARG2	TNF	9606.ENSP00000261783	9606.ENSP00000398698	0	0	0	0	0	0	0	0.631	0.631
ARG2	IL1B	9606.ENSP00000261783	9606.ENSP00000263341	0	0	0	0	0.086	0	0	0.643	0.660
ARG2	NOS2	9606.ENSP00000261783	9606.ENSP00000327251	0	0	0	0	0	0.076	0.900	0.706	0.970
ARL2BP	BBS2	9606.ENSP00000219204	9606.ENSP00000245157	0	0	0	0	0.067	0	0	0.389	0.405
ARL2BP	BCL2	9606.ENSP00000219204	9606.ENSP00000381185	0	0	0	0	0.051	0	0	0.467	0.472
ARL2BP	RPGR	9606.ENSP00000219204	9606.ENSP00000495537	0	0	0	0	0	0	0	0.505	0.505
ATF6	SIRT1	9606.ENSP00000356919	9606.ENSP00000212015	0	0	0	0	0.049	0	0	0.463	0.467
ATF6	HMOX1	9606.ENSP00000356919	9606.ENSP00000216117	0	0	0	0	0	0	0	0.449	0.449
ATF6	IL1B	9606.ENSP00000356919	9606.ENSP00000263341	0	0	0	0	0	0	0	0.519	0.519
ATF6	SOD1	9606.ENSP00000356919	9606.ENSP00000270142	0	0	0	0	0.049	0	0	0.419	0.423
ATF6	CASP3	9606.ENSP00000356919	9606.ENSP00000311032	0	0	0	0	0.049	0	0	0.735	0.737
ATF6	CASP9	9606.ENSP00000356919	9606.ENSP00000330237	0	0	0	0	0.082	0	0	0.610	0.627
ATF6	TLR4	9606.ENSP00000356919	9606.ENSP00000363089	0	0	0	0	0.054	0	0	0.401	0.409
ATF6	SQSTM1	9606.ENSP00000356919	9606.ENSP00000374455	0	0	0	0	0.047	0	0	0.468	0.471
ATF6	TNF	9606.ENSP00000356919	9606.ENSP00000398698	0	0	0	0	0	0	0	0.523	0.523
ATF6	PDE6C	9606.ENSP00000356919	9606.ENSP00000360502	0	0	0	0	0	0	0	0.570	0.570
ATF6	BCL2	9606.ENSP00000356919	9606.ENSP00000381185	0	0	0	0	0	0	0	0.716	0.716
ATXN1	SOD1	9606.ENSP00000244769	9606.ENSP00000270142	0	0	0	0	0	0	0	0.420	0.420
BBS2	TULP1	9606.ENSP00000245157	9606.ENSP00000229771	0	0	0	0	0	0	0	0.415	0.415
BBS2	PKD2	9606.ENSP00000245157	9606.ENSP00000237596	0	0	0	0	0.083	0.051	0	0.459	0.488
BBS2	RDH12	9606.ENSP00000245157	9606.ENSP00000449079	0	0	0	0	0.055	0.091	0	0.399	0.438
BBS2	RPGR	9606.ENSP00000245157	9606.ENSP00000495537	0	0	0	0	0.048	0	0	0.476	0.479
BBS2	RPGRIP1	9606.ENSP00000245157	9606.ENSP00000382895	0	0	0	0	0	0	0	0.511	0.511
BBS2	OFD1	9606.ENSP00000245157	9606.ENSP00000344314	0	0	0	0	0.080	0	0	0.537	0.556
BBS2	IQCB1	9606.ENSP00000245157	9606.ENSP00000311505	0	0	0	0	0.049	0.292	0	0.478	0.617
BBS2	IFT80	9606.ENSP00000245157	9606.ENSP00000312778	0	0	0	0	0.232	0	0	0.539	0.632
BBS2	SDCCAG8	9606.ENSP00000245157	9606.ENSP00000355499	0	0	0	0	0.054	0	0	0.640	0.644
BBS2	NPHP1	9606.ENSP00000245157	9606.ENSP00000313169	0	0	0	0	0.094	0	0	0.632	0.653
BBS2	CEP290	9606.ENSP00000245157	9606.ENSP00000448012	0	0	0	0	0.067	0.292	0	0.825	0.874
BCL2	SIRT1	9606.ENSP00000381185	9606.ENSP00000212015	0	0	0	0	0.058	0	0	0.739	0.744
BCL2	HMOX1	9606.ENSP00000381185	9606.ENSP00000216117	0	0	0	0	0	0	0	0.856	0.856
BCL2	TNFRSF10A	9606.ENSP00000381185	9606.ENSP00000221132	0	0	0	0	0	0	0	0.708	0.708
BCL2	CCL2	9606.ENSP00000381185	9606.ENSP00000225831	0	0	0	0	0.047	0	0	0.605	0.607
BCL2	CRP	9606.ENSP00000381185	9606.ENSP00000255030	0	0	0	0	0	0	0	0.431	0.431
BCL2	IL1A	9606.ENSP00000381185	9606.ENSP00000263339	0	0	0	0	0.055	0	0	0.619	0.625
BCL2	IL1B	9606.ENSP00000381185	9606.ENSP00000263341	0	0	0	0	0.055	0	0	0.805	0.808
BCL2	C9	9606.ENSP00000381185	9606.ENSP00000263408	0	0	0	0	0	0	0.720	0.146	0.750
BCL2	ICAM1	9606.ENSP00000381185	9606.ENSP00000264832	0	0	0	0	0	0	0	0.618	0.618
BCL2	TIMP3	9606.ENSP00000381185	9606.ENSP00000266085	0	0	0	0	0	0	0	0.418	0.418
BCL2	RB1	9606.ENSP00000381185	9606.ENSP00000267163	0	0	0	0	0.060	0	0	0.531	0.540
BCL2	SOD1	9606.ENSP00000381185	9606.ENSP00000270142	0	0	0	0	0	0.329	0.900	0.976	0.998
BCL2	THY1	9606.ENSP00000381185	9606.ENSP00000284240	0	0	0	0	0	0	0	0.452	0.452
BCL2	ITGA2	9606.ENSP00000381185	9606.ENSP00000296585	0	0	0	0	0	0	0	0.492	0.491
BCL2	CASP3	9606.ENSP00000381185	9606.ENSP00000311032	0	0	0	0	0.098	0.354	0	0.980	0.987
BCL2	NOS2	9606.ENSP00000381185	9606.ENSP00000327251	0	0	0	0	0	0	0	0.466	0.466
BCL2	CASP9	9606.ENSP00000381185	9606.ENSP00000330237	0	0	0	0	0.091	0.125	0	0.938	0.946
BCL2	FBLN5	9606.ENSP00000381185	9606.ENSP00000345008	0	0	0	0	0.047	0	0	0.406	0.410
BCL2	OCLN	9606.ENSP00000381185	9606.ENSP00000347379	0	0	0	0	0	0	0	0.453	0.453
BCL2	MMP9	9606.ENSP00000381185	9606.ENSP00000361405	0	0	0	0	0.087	0	0	0.794	0.804
BCL2	TLR4	9606.ENSP00000381185	9606.ENSP00000363089	0	0	0	0	0.055	0	0	0.720	0.724
BCL2	SQSTM1	9606.ENSP00000381185	9606.ENSP00000374455	0	0	0	0	0	0.510	0	0.633	0.812
BCL2	CST3	9606.ENSP00000381185	9606.ENSP00000381448	0	0	0	0	0	0.294	0	0.281	0.470
BCL2	PROM1	9606.ENSP00000381185	9606.ENSP00000426809	0	0	0	0	0	0	0	0.582	0.582
BCL2	PTPRC	9606.ENSP00000381185	9606.ENSP00000411355	0	0	0	0	0.099	0	0	0.641	0.662
BCL2	TNF	9606.ENSP00000381185	9606.ENSP00000398698	0	0	0	0	0.080	0.076	0	0.876	0.885
BEST1	IMPG2	9606.ENSP00000399709	9606.ENSP00000193391	0	0	0	0	0	0	0	0.775	0.775
BEST1	TULP1	9606.ENSP00000399709	9606.ENSP00000229771	0	0	0	0	0	0	0	0.646	0.646
BEST1	GUCA1B	9606.ENSP00000399709	9606.ENSP00000230361	0	0	0	0	0.054	0	0	0.658	0.662
BEST1	KCNJ13	9606.ENSP00000399709	9606.ENSP00000233826	0	0	0	0	0	0	0	0.411	0.411
BEST1	RDH5	9606.ENSP00000399709	9606.ENSP00000257895	0	0	0	0	0.047	0	0	0.492	0.495
BEST1	PRPF6	9606.ENSP00000399709	9606.ENSP00000266079	0	0	0	0	0	0	0	0.431	0.431
BEST1	ROM1	9606.ENSP00000399709	9606.ENSP00000278833	0	0	0	0	0.048	0	0	0.704	0.706
BEST1	MERTK	9606.ENSP00000399709	9606.ENSP00000295408	0	0	0	0	0.047	0	0	0.720	0.721
BEST1	PRPF3	9606.ENSP00000399709	9606.ENSP00000315379	0	0	0	0	0	0	0	0.664	0.664
BEST1	LRAT	9606.ENSP00000399709	9606.ENSP00000337224	0	0	0	0	0	0	0	0.594	0.594
BEST1	CERKL	9606.ENSP00000399709	9606.ENSP00000341159	0	0	0	0	0	0	0	0.705	0.705
BEST1	KLHL7	9606.ENSP00000399709	9606.ENSP00000343273	0	0	0	0	0.067	0	0	0.647	0.656
BEST1	ELOVL4	9606.ENSP00000399709	9606.ENSP00000358831	0	0	0	0	0.046	0	0	0.600	0.602
BEST1	PDE6C	9606.ENSP00000399709	9606.ENSP00000360502	0	0	0	0	0.055	0	0	0.574	0.581
BEST1	SPATA7	9606.ENSP00000399709	9606.ENSP00000377176	0	0	0	0	0	0	0	0.507	0.507
BEST1	RPGRIP1	9606.ENSP00000399709	9606.ENSP00000382895	0	0	0	0	0.084	0	0	0.493	0.515
BEST1	FAM161A	9606.ENSP00000399709	9606.ENSP00000385158	0	0	0	0	0	0	0	0.495	0.495
BEST1	CDHR1	9606.ENSP00000399709	9606.ENSP00000485478	0	0	0	0	0.055	0	0	0.405	0.414
BEST1	PDE6B	9606.ENSP00000399709	9606.ENSP00000420295	0	0	0	0	0.055	0	0	0.490	0.497
BEST1	PROM1	9606.ENSP00000399709	9606.ENSP00000426809	0	0	0	0	0	0	0	0.537	0.537
BEST1	IDH3B	9606.ENSP00000399709	9606.ENSP00000482773	0	0	0	0	0	0	0	0.612	0.612
BEST1	PRPF8	9606.ENSP00000399709	9606.ENSP00000460348	0	0	0	0	0	0	0	0.661	0.661
BEST1	RDH12	9606.ENSP00000399709	9606.ENSP00000449079	0	0	0	0	0	0	0	0.708	0.708
BEST1	RPGR	9606.ENSP00000399709	9606.ENSP00000495537	0	0	0	0	0.056	0	0	0.746	0.749
C2	C3	9606.ENSP00000299367	9606.ENSP00000245907	0	0	0	0	0.184	0.126	0.900	0.729	0.978
C2	C9	9606.ENSP00000299367	9606.ENSP00000263408	0	0	0	0	0.203	0	0	0.568	0.641
C2	HMCN1	9606.ENSP00000299367	9606.ENSP00000271588	0	0	0	0	0	0.125	0	0.678	0.706
C2	ERCC6	9606.ENSP00000299367	9606.ENSP00000348089	0	0	0	0	0	0.045	0	0.465	0.467
C2	HTRA1	9606.ENSP00000299367	9606.ENSP00000357980	0	0	0	0	0.042	0	0	0.512	0.512
C2	CST3	9606.ENSP00000299367	9606.ENSP00000381448	0	0	0	0	0.054	0	0	0.517	0.523
C2	FBLN5	9606.ENSP00000299367	9606.ENSP00000345008	0	0	0	0	0	0.094	0	0.615	0.637
C2	CFB	9606.ENSP00000299367	9606.ENSP00000416561	0	0	0.066	0.878	0.308	0	0.540	0.142	0.710
C2	CFHR3	9606.ENSP00000299367	9606.ENSP00000356395	0	0	0	0	0.049	0.046	0	0.757	0.761
C2	CFI	9606.ENSP00000299367	9606.ENSP00000378131	0	0	0	0	0.177	0	0.500	0.696	0.864
C2	CFH	9606.ENSP00000299367	9606.ENSP00000356399	0	0	0	0	0.141	0	0	0.862	0.876
C3	PON1	9606.ENSP00000245907	9606.ENSP00000222381	0	0	0	0	0.086	0	0	0.587	0.606
C3	CCL2	9606.ENSP00000245907	9606.ENSP00000225831	0	0	0	0	0.167	0	0	0.698	0.737
C3	CST3	9606.ENSP00000245907	9606.ENSP00000381448	0	0	0	0	0.067	0.066	0	0.376	0.408
C3	PTPRC	9606.ENSP00000245907	9606.ENSP00000411355	0	0	0	0	0.060	0.067	0	0.391	0.419
C3	RBP4	9606.ENSP00000245907	9606.ENSP00000360522	0	0	0	0	0.137	0	0	0.392	0.453
C3	TLR4	9606.ENSP00000245907	9606.ENSP00000363089	0	0	0	0	0.048	0	0	0.507	0.510
C3	IL1A	9606.ENSP00000245907	9606.ENSP00000263339	0	0	0	0	0.085	0	0	0.507	0.530
C3	PLK4	9606.ENSP00000245907	9606.ENSP00000270861	0	0	0	0	0	0	0	0.570	0.570
C3	MMP9	9606.ENSP00000245907	9606.ENSP00000361405	0	0	0	0	0.075	0	0	0.594	0.609
C3	TNF	9606.ENSP00000245907	9606.ENSP00000398698	0	0	0	0	0.042	0	0	0.621	0.621
C3	C9	9606.ENSP00000245907	9606.ENSP00000263408	0	0	0	0	0.114	0.054	0	0.607	0.642
C3	IL1B	9606.ENSP00000245907	9606.ENSP00000263341	0	0	0	0	0.105	0	0	0.640	0.664
C3	F5	9606.ENSP00000245907	9606.ENSP00000356771	0	0	0	0	0.092	0	0.540	0.316	0.689
C3	ICAM1	9606.ENSP00000245907	9606.ENSP00000264832	0	0	0	0	0.169	0	0	0.660	0.705
C3	CP	9606.ENSP00000245907	9606.ENSP00000264613	0	0	0	0	0.262	0	0	0.676	0.751
C3	HP	9606.ENSP00000245907	9606.ENSP00000348170	0	0	0	0	0.214	0.123	0	0.816	0.862
C3	CRP	9606.ENSP00000245907	9606.ENSP00000255030	0	0	0	0	0.100	0.463	0	0.973	0.985
C3	CFHR3	9606.ENSP00000245907	9606.ENSP00000356395	0	0	0	0	0.049	0.292	0.700	0.963	0.991
C3	CFI	9606.ENSP00000245907	9606.ENSP00000378131	0	0	0	0	0.219	0.987	0.900	0.969	0.999
C3	CFH	9606.ENSP00000245907	9606.ENSP00000356399	0	0	0	0	0.217	0.991	0.900	0.999	0.999
C3	CFB	9606.ENSP00000245907	9606.ENSP00000416561	0	0	0	0	0.374	0.987	0.900	0.999	0.999
C9	PON1	9606.ENSP00000263408	9606.ENSP00000222381	0	0	0	0	0.329	0	0	0.247	0.473
C9	CRP	9606.ENSP00000263408	9606.ENSP00000255030	0	0	0	0	0.525	0	0	0.275	0.641
C9	CP	9606.ENSP00000263408	9606.ENSP00000264613	0	0	0	0	0.241	0	0	0.450	0.565
C9	HP	9606.ENSP00000263408	9606.ENSP00000348170	0	0	0	0	0.225	0	0	0.463	0.567
C9	CFH	9606.ENSP00000263408	9606.ENSP00000356399	0	0	0	0	0.126	0	0	0.547	0.588
C9	CFB	9606.ENSP00000263408	9606.ENSP00000416561	0	0	0	0	0.201	0	0	0.621	0.685
C9	CFI	9606.ENSP00000263408	9606.ENSP00000378131	0	0	0	0	0.268	0	0	0.616	0.707
CACNA1F	RDH5	9606.ENSP00000365441	9606.ENSP00000257895	0	0	0	0	0.059	0	0	0.411	0.422
CACNA1F	PITPNM3	9606.ENSP00000365441	9606.ENSP00000262483	0	0	0	0	0.063	0	0	0.399	0.413
CACNA1F	ROM1	9606.ENSP00000365441	9606.ENSP00000278833	0	0	0	0	0.067	0.045	0	0.502	0.517
CACNA1F	UNC119	9606.ENSP00000365441	9606.ENSP00000337040	0	0	0	0	0.057	0	0	0.417	0.427
CACNA1F	PDE6C	9606.ENSP00000365441	9606.ENSP00000360502	0	0	0	0	0.070	0	0	0.449	0.466
CACNA1F	CDHR1	9606.ENSP00000365441	9606.ENSP00000485478	0	0	0	0	0.054	0.045	0	0.396	0.407
CACNA1F	RPGRIP1	9606.ENSP00000365441	9606.ENSP00000382895	0	0	0	0	0.079	0	0	0.436	0.458
CACNA1F	KCNV2	9606.ENSP00000365441	9606.ENSP00000371514	0	0	0	0	0.104	0.070	0	0.539	0.583
CACNA1F	PDE6B	9606.ENSP00000365441	9606.ENSP00000420295	0	0	0	0	0.117	0	0	0.678	0.704
CACNA1F	RPGR	9606.ENSP00000365441	9606.ENSP00000495537	0	0	0	0	0.090	0	0	0.843	0.851
CACNA1F	CACNA2D4	9606.ENSP00000365441	9606.ENSP00000372169	0	0	0	0	0.067	0.289	0.900	0.745	0.980
CACNA2D4	PITPNM3	9606.ENSP00000372169	9606.ENSP00000262483	0	0	0	0	0	0	0	0.427	0.427
CACNA2D4	TTLL5	9606.ENSP00000372169	9606.ENSP00000298832	0	0	0	0	0	0	0	0.442	0.442
CACNA2D4	PDE6C	9606.ENSP00000372169	9606.ENSP00000360502	0	0	0	0	0	0	0	0.448	0.448
CACNA2D4	CNNM4	9606.ENSP00000372169	9606.ENSP00000366275	0	0	0	0	0.076	0	0	0.381	0.404
CACNA2D4	KCNV2	9606.ENSP00000372169	9606.ENSP00000371514	0	0	0	0	0.086	0	0	0.555	0.576
CACNA2D4	RPGRIP1	9606.ENSP00000372169	9606.ENSP00000382895	0	0	0	0	0.042	0	0	0.420	0.420
CACNA2D4	CDHR1	9606.ENSP00000372169	9606.ENSP00000485478	0	0	0	0	0.042	0	0	0.440	0.441
CACNA2D4	PDE6B	9606.ENSP00000372169	9606.ENSP00000420295	0	0	0	0	0.044	0	0	0.472	0.473
CASP3	SIRT1	9606.ENSP00000311032	9606.ENSP00000212015	0	0	0	0	0.056	0	0	0.721	0.725
CASP3	HMOX1	9606.ENSP00000311032	9606.ENSP00000216117	0	0	0	0	0.045	0	0	0.805	0.806
CASP3	TNFRSF10A	9606.ENSP00000311032	9606.ENSP00000221132	0	0	0	0	0.042	0.045	0	0.731	0.732
CASP3	CCL2	9606.ENSP00000311032	9606.ENSP00000225831	0	0	0	0	0.044	0	0	0.653	0.654
CASP3	CRP	9606.ENSP00000311032	9606.ENSP00000255030	0	0	0	0	0	0	0	0.418	0.418
CASP3	PRKCQ	9606.ENSP00000311032	9606.ENSP00000263125	0	0	0	0	0.052	0	0.750	0.154	0.782
CASP3	IL1A	9606.ENSP00000311032	9606.ENSP00000263339	0	0	0	0	0.045	0	0	0.724	0.725
CASP3	IL1B	9606.ENSP00000311032	9606.ENSP00000263341	0	0	0	0	0.045	0	0	0.898	0.899
CASP3	ICAM1	9606.ENSP00000311032	9606.ENSP00000264832	0	0	0	0	0.057	0	0	0.629	0.635
CASP3	RB1	9606.ENSP00000311032	9606.ENSP00000267163	0	0	0	0	0.049	0.510	0	0.510	0.751
CASP3	SOD1	9606.ENSP00000311032	9606.ENSP00000270142	0	0	0	0	0.044	0.070	0	0.611	0.624
CASP3	THY1	9606.ENSP00000311032	9606.ENSP00000284240	0	0	0	0	0	0	0	0.499	0.499
CASP3	PRPF8	9606.ENSP00000311032	9606.ENSP00000460348	0	0	0	0	0.042	0	0	0.419	0.419
CASP3	CHAT	9606.ENSP00000311032	9606.ENSP00000337103	0	0	0	0	0	0	0	0.432	0.432
CASP3	CST3	9606.ENSP00000311032	9606.ENSP00000381448	0	0	0	0	0	0.229	0	0.344	0.473
CASP3	NOS2	9606.ENSP00000311032	9606.ENSP00000327251	0	0	0	0	0	0	0	0.537	0.537
CASP3	PROM1	9606.ENSP00000311032	9606.ENSP00000426809	0	0	0	0	0.057	0	0	0.571	0.578
CASP3	PTPRC	9606.ENSP00000311032	9606.ENSP00000411355	0	0	0	0	0.094	0	0	0.628	0.649
CASP3	SQSTM1	9606.ENSP00000311032	9606.ENSP00000374455	0	0	0	0	0	0.046	0	0.670	0.672
CASP3	TLR4	9606.ENSP00000311032	9606.ENSP00000363089	0	0	0	0	0.092	0.062	0	0.719	0.740
CASP3	MMP9	9606.ENSP00000311032	9606.ENSP00000361405	0	0	0	0	0.101	0	0	0.793	0.806
CASP3	OCLN	9606.ENSP00000311032	9606.ENSP00000347379	0	0	0	0	0.085	0	0.750	0.603	0.901
CASP3	VIM	9606.ENSP00000311032	9606.ENSP00000446007	0	0	0	0	0.055	0.451	0.750	0.380	0.908
CASP3	TNF	9606.ENSP00000311032	9606.ENSP00000398698	0	0	0	0	0.098	0.096	0	0.932	0.939
CASP3	CASP9	9606.ENSP00000311032	9606.ENSP00000330237	0	0	0	0.827	0.049	0.846	0.900	0.957	0.999
CASP9	SIRT1	9606.ENSP00000330237	9606.ENSP00000212015	0	0	0	0	0.060	0	0	0.550	0.559
CASP9	HMOX1	9606.ENSP00000330237	9606.ENSP00000216117	0	0	0	0	0.052	0	0	0.607	0.612
CASP9	TNFRSF10A	9606.ENSP00000330237	9606.ENSP00000221132	0	0	0	0	0.049	0.045	0	0.704	0.707
CASP9	CCL2	9606.ENSP00000330237	9606.ENSP00000225831	0	0	0	0	0	0	0	0.401	0.401
CASP9	IL1A	9606.ENSP00000330237	9606.ENSP00000263339	0	0	0	0	0.045	0	0	0.433	0.435
CASP9	IL1B	9606.ENSP00000330237	9606.ENSP00000263341	0	0	0	0	0.045	0	0	0.825	0.826
CASP9	ICAM1	9606.ENSP00000330237	9606.ENSP00000264832	0	0	0	0	0.055	0	0	0.399	0.408
CASP9	RB1	9606.ENSP00000330237	9606.ENSP00000267163	0	0	0	0	0.049	0.292	0	0.362	0.532
CASP9	SOD1	9606.ENSP00000330237	9606.ENSP00000270142	0	0	0	0	0	0.070	0	0.431	0.448
CASP9	TLR4	9606.ENSP00000330237	9606.ENSP00000363089	0	0	0	0	0.069	0.062	0	0.565	0.587
CASP9	SQSTM1	9606.ENSP00000330237	9606.ENSP00000374455	0	0	0	0	0.044	0.295	0	0.472	0.613
CASP9	MMP9	9606.ENSP00000330237	9606.ENSP00000361405	0	0	0	0	0.067	0	0	0.645	0.654
CASP9	TNF	9606.ENSP00000330237	9606.ENSP00000398698	0	0	0	0	0.084	0.087	0	0.798	0.816
CCL2	SIRT1	9606.ENSP00000225831	9606.ENSP00000212015	0	0	0	0	0	0	0	0.575	0.575
CCL2	HMOX1	9606.ENSP00000225831	9606.ENSP00000216117	0	0	0	0	0.127	0	0	0.667	0.697
CCL2	PON1	9606.ENSP00000225831	9606.ENSP00000222381	0	0	0	0	0.087	0	0	0.432	0.459
CCL2	TIMP3	9606.ENSP00000225831	9606.ENSP00000266085	0	0	0	0	0.099	0	0	0.367	0.405
CCL2	COL18A1	9606.ENSP00000225831	9606.ENSP00000352798	0	0	0	0	0.062	0	0	0.405	0.418
CCL2	CP	9606.ENSP00000225831	9606.ENSP00000264613	0	0	0	0	0.054	0	0	0.422	0.430
CCL2	CFB	9606.ENSP00000225831	9606.ENSP00000416561	0	0	0	0	0.158	0	0	0.354	0.433
CCL2	SOD1	9606.ENSP00000225831	9606.ENSP00000270142	0	0	0	0	0	0	0	0.433	0.433
CCL2	MERTK	9606.ENSP00000225831	9606.ENSP00000295408	0	0	0	0	0.075	0	0	0.450	0.470
CCL2	HP	9606.ENSP00000225831	9606.ENSP00000348170	0	0	0	0	0.044	0	0	0.477	0.478
CCL2	CST3	9606.ENSP00000225831	9606.ENSP00000381448	0	0	0	0	0.062	0	0	0.477	0.488
CCL2	PROM1	9606.ENSP00000225831	9606.ENSP00000426809	0	0	0	0	0	0.230	0	0.398	0.516
CCL2	ITGA2	9606.ENSP00000225831	9606.ENSP00000296585	0	0	0	0	0.042	0	0	0.532	0.532
CCL2	OCLN	9606.ENSP00000225831	9606.ENSP00000347379	0	0	0	0	0	0	0	0.546	0.546
CCL2	CFH	9606.ENSP00000225831	9606.ENSP00000356399	0	0	0	0	0.126	0	0	0.568	0.606
CCL2	RBP4	9606.ENSP00000225831	9606.ENSP00000360522	0	0	0	0	0	0	0	0.628	0.628
CCL2	NOS2	9606.ENSP00000225831	9606.ENSP00000327251	0	0	0	0	0.042	0	0	0.632	0.633
CCL2	THY1	9606.ENSP00000225831	9606.ENSP00000284240	0	0	0	0	0.072	0	0	0.680	0.690
CCL2	PTPRC	9606.ENSP00000225831	9606.ENSP00000411355	0	0	0	0	0.088	0	0	0.721	0.735
CCL2	MMP9	9606.ENSP00000225831	9606.ENSP00000361405	0	0	0	0	0.073	0	0	0.802	0.809
CCL2	CRP	9606.ENSP00000225831	9606.ENSP00000255030	0	0	0	0	0.044	0	0	0.816	0.816
CCL2	TLR4	9606.ENSP00000225831	9606.ENSP00000363089	0	0	0	0	0.130	0	0	0.832	0.847
CCL2	ICAM1	9606.ENSP00000225831	9606.ENSP00000264832	0	0	0	0	0.360	0	0	0.892	0.928
CCL2	IL1A	9606.ENSP00000225831	9606.ENSP00000263339	0	0	0	0	0.144	0	0.400	0.882	0.934
CCL2	IL1B	9606.ENSP00000225831	9606.ENSP00000263341	0	0	0	0	0.239	0	0.400	0.940	0.970
CCL2	TNF	9606.ENSP00000225831	9606.ENSP00000398698	0	0	0	0	0.311	0	0.400	0.952	0.978
CDH3	MMP9	9606.ENSP00000264012	9606.ENSP00000361405	0	0	0	0	0.053	0.048	0	0.585	0.593
CDH3	OCLN	9606.ENSP00000264012	9606.ENSP00000347379	0	0	0	0	0.183	0	0	0.527	0.597
CDH3	CTNNA1	9606.ENSP00000264012	9606.ENSP00000304669	0	0	0	0	0	0.546	0.540	0.692	0.930
CDHR1	IMPG2	9606.ENSP00000485478	9606.ENSP00000193391	0	0	0	0	0.042	0	0	0.447	0.447
CDHR1	TULP1	9606.ENSP00000485478	9606.ENSP00000229771	0	0	0	0	0.044	0	0	0.480	0.481
CDHR1	GUCA1B	9606.ENSP00000485478	9606.ENSP00000230361	0	0	0	0	0.105	0	0	0.399	0.439
CDHR1	RDH5	9606.ENSP00000485478	9606.ENSP00000257895	0	0	0	0	0	0	0	0.419	0.419
CDHR1	PITPNM3	9606.ENSP00000485478	9606.ENSP00000262483	0	0	0	0	0.044	0	0	0.727	0.727
CDHR1	ROM1	9606.ENSP00000485478	9606.ENSP00000278833	0	0	0	0	0	0.045	0	0.507	0.509
CDHR1	TTLL5	9606.ENSP00000485478	9606.ENSP00000298832	0	0	0	0	0	0	0	0.480	0.480
CDHR1	RAB28	9606.ENSP00000485478	9606.ENSP00000328551	0	0	0	0	0.067	0	0	0.478	0.492
CDHR1	UNC119	9606.ENSP00000485478	9606.ENSP00000337040	0	0	0	0	0.103	0	0	0.649	0.671
CDHR1	CERKL	9606.ENSP00000485478	9606.ENSP00000341159	0	0	0	0	0	0	0	0.687	0.687
CDHR1	PDE6C	9606.ENSP00000485478	9606.ENSP00000360502	0	0	0	0	0	0	0	0.482	0.482
CDHR1	CNNM4	9606.ENSP00000485478	9606.ENSP00000366275	0	0	0	0	0.042	0	0	0.418	0.418
CDHR1	KCNV2	9606.ENSP00000485478	9606.ENSP00000371514	0	0	0	0	0.087	0	0	0.584	0.604
CDHR1	SPATA7	9606.ENSP00000485478	9606.ENSP00000377176	0	0	0	0	0	0	0	0.474	0.474
CDHR1	RPGRIP1	9606.ENSP00000485478	9606.ENSP00000382895	0	0	0	0	0	0.047	0	0.754	0.756
CDHR1	FAM161A	9606.ENSP00000485478	9606.ENSP00000385158	0	0	0	0	0	0.045	0	0.548	0.550
CDHR1	PROM1	9606.ENSP00000485478	9606.ENSP00000426809	0	0	0	0	0.042	0.292	0	0.887	0.917
CDHR1	RDH12	9606.ENSP00000485478	9606.ENSP00000449079	0	0	0	0	0.058	0	0	0.450	0.460
CDHR1	RPGR	9606.ENSP00000485478	9606.ENSP00000495537	0	0	0	0	0	0	0	0.507	0.507
CEP290	TULP1	9606.ENSP00000448012	9606.ENSP00000229771	0	0	0	0	0	0	0	0.711	0.711
CEP290	KCNJ13	9606.ENSP00000448012	9606.ENSP00000233826	0	0	0	0	0	0	0	0.502	0.502
CEP290	PKD2	9606.ENSP00000448012	9606.ENSP00000237596	0	0	0	0	0.082	0	0	0.506	0.528
CEP290	PLK4	9606.ENSP00000448012	9606.ENSP00000270861	0	0	0	0	0.060	0.183	0	0.616	0.680
CEP290	ROM1	9606.ENSP00000448012	9606.ENSP00000278833	0	0	0	0	0	0	0	0.452	0.452
CEP290	MERTK	9606.ENSP00000448012	9606.ENSP00000295408	0	0	0	0	0	0.084	0	0.487	0.510
CEP290	IQCB1	9606.ENSP00000448012	9606.ENSP00000311505	0	0	0	0	0.062	0.880	0	0.996	0.999
CEP290	IFT80	9606.ENSP00000448012	9606.ENSP00000312778	0	0	0	0	0.120	0.100	0	0.512	0.580
CEP290	NPHP1	9606.ENSP00000448012	9606.ENSP00000313169	0	0	0	0	0.103	0.115	0	0.975	0.978
CEP290	LRAT	9606.ENSP00000448012	9606.ENSP00000337224	0	0	0	0	0	0	0	0.733	0.733
CEP290	CERKL	9606.ENSP00000448012	9606.ENSP00000341159	0	0	0	0	0	0.054	0	0.447	0.454
CEP290	OFD1	9606.ENSP00000448012	9606.ENSP00000344314	0	0	0	0	0.086	0.292	0	0.859	0.901
CEP290	SDCCAG8	9606.ENSP00000448012	9606.ENSP00000355499	0	0	0	0	0.083	0	0	0.858	0.864
CEP290	RD3	9606.ENSP00000448012	9606.ENSP00000355969	0	0	0	0	0	0	0	0.806	0.806
CEP290	CEP78	9606.ENSP00000448012	9606.ENSP00000365782	0	0	0	0	0.066	0.113	0	0.442	0.498
CEP290	NMNAT1	9606.ENSP00000448012	9606.ENSP00000366410	0	0	0	0	0	0	0	0.545	0.545
CEP290	SPATA7	9606.ENSP00000448012	9606.ENSP00000377176	0	0	0	0	0.102	0	0	0.829	0.840
CEP290	RPGRIP1	9606.ENSP00000448012	9606.ENSP00000382895	0	0	0	0	0	0.095	0	0.948	0.951
CEP290	FAM161A	9606.ENSP00000448012	9606.ENSP00000385158	0	0	0	0	0.095	0.054	0	0.487	0.523
CEP290	MYO7A	9606.ENSP00000448012	9606.ENSP00000386331	0	0	0	0	0	0	0	0.491	0.491
CEP290	PDE6B	9606.ENSP00000448012	9606.ENSP00000420295	0	0	0	0	0.058	0	0	0.583	0.590
CEP290	RDH12	9606.ENSP00000448012	9606.ENSP00000449079	0	0	0	0	0	0.052	0	0.806	0.808
CEP290	RPGR	9606.ENSP00000448012	9606.ENSP00000495537	0	0	0	0	0.110	0.315	0	0.971	0.981
CEP78	CIB2	9606.ENSP00000365782	9606.ENSP00000258930	0	0	0	0	0	0.097	0	0.435	0.468
CEP78	PLK4	9606.ENSP00000365782	9606.ENSP00000270861	0	0	0	0	0.107	0	0	0.370	0.413
CEP78	TTLL5	9606.ENSP00000365782	9606.ENSP00000298832	0	0	0	0	0.059	0	0	0.515	0.525
CEP78	RAB28	9606.ENSP00000365782	9606.ENSP00000328551	0	0	0	0	0.055	0	0	0.409	0.418
CEP78	OFD1	9606.ENSP00000365782	9606.ENSP00000344314	0	0	0	0	0.052	0.113	0	0.387	0.440
CEP78	SDCCAG8	9606.ENSP00000365782	9606.ENSP00000355499	0	0	0	0	0.047	0.113	0	0.382	0.432
CEP78	FAM161A	9606.ENSP00000365782	9606.ENSP00000385158	0	0	0	0	0.114	0	0	0.368	0.416
CEP78	PDZD7	9606.ENSP00000365782	9606.ENSP00000480489	0	0	0	0	0	0	0	0.463	0.463
CERKL	IMPG2	9606.ENSP00000341159	9606.ENSP00000193391	0	0	0	0	0	0	0	0.787	0.787
CERKL	SIRT1	9606.ENSP00000341159	9606.ENSP00000212015	0	0	0	0	0.111	0.312	0	0.108	0.407
CERKL	TULP1	9606.ENSP00000341159	9606.ENSP00000229771	0	0	0	0	0.065	0	0	0.831	0.835
CERKL	GUCA1B	9606.ENSP00000341159	9606.ENSP00000230361	0	0	0	0	0	0.045	0	0.715	0.716
CERKL	PITPNM3	9606.ENSP00000341159	9606.ENSP00000262483	0	0	0	0	0	0.082	0	0.398	0.424
CERKL	PRPF6	9606.ENSP00000341159	9606.ENSP00000266079	0	0	0	0	0	0	0	0.433	0.433
CERKL	ROM1	9606.ENSP00000341159	9606.ENSP00000278833	0	0	0	0	0.057	0	0	0.701	0.706
CERKL	MERTK	9606.ENSP00000341159	9606.ENSP00000295408	0	0	0	0	0	0.045	0	0.704	0.705
CERKL	PRPF3	9606.ENSP00000341159	9606.ENSP00000315379	0	0	0	0	0.086	0	0	0.781	0.791
CERKL	LRAT	9606.ENSP00000341159	9606.ENSP00000337224	0	0	0	0	0	0	0	0.581	0.581
CERKL	ELOVL4	9606.ENSP00000341159	9606.ENSP00000358831	0	0	0	0	0.061	0.078	0	0.384	0.420
CERKL	PDE6C	9606.ENSP00000341159	9606.ENSP00000360502	0	0	0	0	0.067	0	0	0.435	0.450
CERKL	CNNM4	9606.ENSP00000341159	9606.ENSP00000366275	0.046	0	0	0	0.074	0	0	0.447	0.468
CERKL	KCNV2	9606.ENSP00000341159	9606.ENSP00000371514	0	0	0	0	0.103	0	0	0.498	0.530
CERKL	RPGRIP1	9606.ENSP00000341159	9606.ENSP00000382895	0	0	0	0	0.098	0	0	0.624	0.646
CERKL	PROM1	9606.ENSP00000341159	9606.ENSP00000426809	0	0	0	0	0	0	0	0.675	0.675
CERKL	SPATA7	9606.ENSP00000341159	9606.ENSP00000377176	0	0	0	0	0	0	0	0.696	0.696
CERKL	FAM161A	9606.ENSP00000341159	9606.ENSP00000385158	0.053	0	0	0	0	0	0	0.692	0.696
CERKL	PDE6B	9606.ENSP00000341159	9606.ENSP00000420295	0	0	0	0	0.067	0	0	0.726	0.733
CERKL	KLHL7	9606.ENSP00000341159	9606.ENSP00000343273	0	0	0	0	0	0	0	0.741	0.741
CERKL	PRPF8	9606.ENSP00000341159	9606.ENSP00000460348	0	0	0	0	0	0	0	0.742	0.742
CERKL	IDH3B	9606.ENSP00000341159	9606.ENSP00000482773	0.045	0	0	0	0	0	0.120	0.726	0.749
CERKL	RPGR	9606.ENSP00000341159	9606.ENSP00000495537	0	0	0	0	0	0	0	0.787	0.787
CERKL	RDH12	9606.ENSP00000341159	9606.ENSP00000449079	0	0	0	0	0.051	0	0	0.826	0.828
CFB	CRP	9606.ENSP00000416561	9606.ENSP00000255030	0	0	0	0	0.119	0	0	0.399	0.448
CFB	CP	9606.ENSP00000416561	9606.ENSP00000264613	0	0	0	0	0.213	0	0	0.406	0.513
CFB	TIMP3	9606.ENSP00000416561	9606.ENSP00000266085	0	0	0	0	0.083	0	0	0.396	0.422
CFB	HMCN1	9606.ENSP00000416561	9606.ENSP00000271588	0	0	0	0	0.062	0.125	0	0.562	0.609
CFB	FBLN5	9606.ENSP00000416561	9606.ENSP00000345008	0	0	0	0	0.060	0.094	0	0.493	0.531
CFB	ERCC6	9606.ENSP00000416561	9606.ENSP00000348089	0	0	0	0	0	0.045	0	0.484	0.486
CFB	CFHR3	9606.ENSP00000416561	9606.ENSP00000356395	0	0	0	0	0.066	0.046	0.500	0.892	0.945
CFB	CFH	9606.ENSP00000416561	9606.ENSP00000356399	0	0	0	0.550	0.185	0.236	0.900	0.460	0.961
CFB	HTRA1	9606.ENSP00000416561	9606.ENSP00000357980	0	0	0	0	0.083	0	0	0.536	0.556
CFB	CFI	9606.ENSP00000416561	9606.ENSP00000378131	0	0	0	0	0.220	0	0.500	0.931	0.970
CFB	CST3	9606.ENSP00000416561	9606.ENSP00000381448	0	0	0	0	0.072	0	0	0.457	0.474
CFB	TNF	9606.ENSP00000416561	9606.ENSP00000398698	0	0	0	0	0.054	0.066	0	0.382	0.406
CFH	SIRT1	9606.ENSP00000356399	9606.ENSP00000212015	0	0	0	0	0	0	0	0.421	0.420
CFH	TSPAN12	9606.ENSP00000356399	9606.ENSP00000222747	0	0	0	0	0.056	0	0	0.446	0.454
CFH	CRP	9606.ENSP00000356399	9606.ENSP00000255030	0	0	0	0	0.094	0.893	0	0.970	0.996
CFH	IL1B	9606.ENSP00000356399	9606.ENSP00000263341	0	0	0	0	0.103	0	0	0.405	0.443
CFH	CP	9606.ENSP00000356399	9606.ENSP00000264613	0	0	0	0	0.194	0	0	0.543	0.616
CFH	TIMP3	9606.ENSP00000356399	9606.ENSP00000266085	0	0	0	0	0.107	0	0	0.661	0.684
CFH	HMCN1	9606.ENSP00000356399	9606.ENSP00000271588	0	0	0	0	0.064	0	0	0.615	0.624
CFH	FBLN5	9606.ENSP00000356399	9606.ENSP00000345008	0	0	0	0	0.102	0	0	0.550	0.578
CFH	ERCC6	9606.ENSP00000356399	9606.ENSP00000348089	0	0	0	0	0	0	0	0.638	0.638
CFH	HP	9606.ENSP00000356399	9606.ENSP00000348170	0	0	0	0	0.088	0	0	0.713	0.727
CFH	CFHR3	9606.ENSP00000356399	9606.ENSP00000356395	0	0	0	0.944	0.124	0.453	0.750	0.093	0.876
CFH	F5	9606.ENSP00000356399	9606.ENSP00000356771	0	0	0	0	0.071	0	0.540	0.433	0.736
CFH	HTRA1	9606.ENSP00000356399	9606.ENSP00000357980	0	0	0	0	0.097	0	0	0.768	0.781
CFH	CFI	9606.ENSP00000356399	9606.ENSP00000378131	0	0	0	0	0.265	0.983	0.540	0.981	0.999
CFHR3	CRP	9606.ENSP00000356395	9606.ENSP00000255030	0	0	0	0	0.086	0.420	0	0.306	0.600
CFHR3	HMCN1	9606.ENSP00000356395	9606.ENSP00000271588	0	0	0	0	0.047	0	0	0.598	0.600
CFHR3	FBLN5	9606.ENSP00000356395	9606.ENSP00000345008	0	0	0	0	0	0.101	0	0.495	0.526
CFHR3	ERCC6	9606.ENSP00000356395	9606.ENSP00000348089	0	0	0	0	0.055	0.045	0	0.525	0.533
CFHR3	HP	9606.ENSP00000356395	9606.ENSP00000348170	0	0	0	0	0.049	0.046	0	0.401	0.409
CFHR3	CST3	9606.ENSP00000356395	9606.ENSP00000381448	0	0	0	0	0	0	0	0.439	0.439
CFHR3	CFI	9606.ENSP00000356395	9606.ENSP00000378131	0	0	0	0	0.082	0.046	0.500	0.776	0.889
CFI	CRP	9606.ENSP00000378131	9606.ENSP00000255030	0	0	0	0	0.162	0.292	0	0.289	0.541
CFI	CP	9606.ENSP00000378131	9606.ENSP00000264613	0	0	0	0	0.328	0	0	0.205	0.443
CFI	F5	9606.ENSP00000378131	9606.ENSP00000356771	0	0	0	0	0.114	0	0.540	0.165	0.630
CHAT	SOD1	9606.ENSP00000337103	9606.ENSP00000270142	0	0	0	0	0	0	0	0.741	0.741
CHAT	CRH	9606.ENSP00000337103	9606.ENSP00000276571	0	0	0	0	0	0	0	0.415	0.414
CIB2	PDZD7	9606.ENSP00000258930	9606.ENSP00000480489	0	0	0	0	0.042	0.077	0	0.768	0.777
CIB2	MYO7A	9606.ENSP00000258930	9606.ENSP00000386331	0	0	0	0	0.042	0.140	0	0.857	0.872
CNNM4	PITPNM3	9606.ENSP00000366275	9606.ENSP00000262483	0	0	0	0	0.109	0	0	0.370	0.414
CNNM4	IQCB1	9606.ENSP00000366275	9606.ENSP00000311505	0	0	0	0	0.049	0.206	0	0.282	0.410
CNNM4	PDE6C	9606.ENSP00000366275	9606.ENSP00000360502	0	0	0	0	0.055	0	0	0.393	0.401
CNNM4	RPGRIP1	9606.ENSP00000366275	9606.ENSP00000382895	0	0	0	0	0.057	0	0	0.407	0.417
CNNM4	KCNV2	9606.ENSP00000366275	9606.ENSP00000371514	0	0	0	0	0.052	0	0	0.416	0.422
COL18A1	CRP	9606.ENSP00000352798	9606.ENSP00000255030	0	0	0	0	0	0.221	0	0.298	0.429
COL18A1	TIMP3	9606.ENSP00000352798	9606.ENSP00000266085	0	0	0	0	0.084	0	0	0.372	0.400
COL18A1	ITGA2	9606.ENSP00000352798	9606.ENSP00000296585	0	0	0	0	0.042	0	0	0.534	0.535
COL18A1	P3H2	9606.ENSP00000352798	9606.ENSP00000316881	0	0	0	0	0.063	0	0.500	0.229	0.607
COL18A1	FBLN5	9606.ENSP00000352798	9606.ENSP00000345008	0	0	0	0	0.065	0.045	0	0.605	0.616
COL18A1	COL9A1	9606.ENSP00000352798	9606.ENSP00000349790	0	0	0.094	0.677	0	0	0.400	0.426	0.661
COL18A1	TNF	9606.ENSP00000352798	9606.ENSP00000398698	0	0	0	0	0	0	0	0.443	0.443
COL18A1	COL9A2	9606.ENSP00000352798	9606.ENSP00000361834	0	0	0.138	0.683	0.061	0	0.400	0.130	0.521
COL18A1	COL4A1	9606.ENSP00000352798	9606.ENSP00000364979	0	0	0	0.589	0.253	0.292	0.400	0.373	0.774
COL18A1	MMP9	9606.ENSP00000352798	9606.ENSP00000361405	0	0	0	0	0.110	0.238	0.750	0.588	0.920
COL4A1	TIMP3	9606.ENSP00000364979	9606.ENSP00000266085	0	0	0	0	0.222	0	0	0.376	0.494
COL4A1	ITGA2	9606.ENSP00000364979	9606.ENSP00000296585	0	0	0	0	0.067	0	0.650	0.385	0.781
COL4A1	P3H2	9606.ENSP00000364979	9606.ENSP00000316881	0	0	0	0	0.083	0	0.500	0.201	0.602
COL4A1	COL9A1	9606.ENSP00000364979	9606.ENSP00000349790	0	0	0.109	0.692	0	0	0.400	0.159	0.511
COL4A1	MMP9	9606.ENSP00000364979	9606.ENSP00000361405	0	0	0	0	0.091	0.244	0	0.670	0.753
COL4A1	COL9A2	9606.ENSP00000364979	9606.ENSP00000361834	0	0	0.091	0.764	0	0	0.400	0.130	0.484
COL4A1	VIM	9606.ENSP00000364979	9606.ENSP00000446007	0	0	0	0	0.115	0.050	0	0.409	0.459
COL4A1	FBN2	9606.ENSP00000364979	9606.ENSP00000424571	0	0	0	0	0.130	0.099	0	0.372	0.465
COL9A1	ITGA2	9606.ENSP00000349790	9606.ENSP00000296585	0	0	0	0	0	0	0.650	0.470	0.806
COL9A1	P3H2	9606.ENSP00000349790	9606.ENSP00000316881	0	0	0	0	0.042	0	0.500	0.154	0.559
COL9A1	FBN2	9606.ENSP00000349790	9606.ENSP00000424571	0	0	0	0	0.065	0.099	0	0.350	0.405
COL9A1	COL9A2	9606.ENSP00000349790	9606.ENSP00000361834	0	0	0.076	0.919	0.049	0.900	0.800	0.458	0.988
COL9A2	ITGA2	9606.ENSP00000361834	9606.ENSP00000296585	0	0	0	0	0	0	0.650	0.191	0.704
COL9A2	P3H2	9606.ENSP00000361834	9606.ENSP00000316881	0	0	0	0	0	0	0.500	0.210	0.588
CP	HMOX1	9606.ENSP00000264613	9606.ENSP00000216117	0	0	0	0	0	0.063	0.900	0.434	0.942
CP	PON1	9606.ENSP00000264613	9606.ENSP00000222381	0	0	0	0	0.117	0	0	0.624	0.654
CP	CRP	9606.ENSP00000264613	9606.ENSP00000255030	0	0	0	0	0.110	0	0	0.668	0.692
CP	IL1B	9606.ENSP00000264613	9606.ENSP00000263341	0	0	0	0	0	0	0	0.418	0.418
CP	FBLN5	9606.ENSP00000264613	9606.ENSP00000345008	0	0	0	0	0.044	0.046	0	0.427	0.432
CP	RBP4	9606.ENSP00000264613	9606.ENSP00000360522	0	0	0	0	0.149	0	0	0.418	0.484
CP	SOD1	9606.ENSP00000264613	9606.ENSP00000270142	0	0	0	0	0	0.069	0	0.474	0.489
CP	HP	9606.ENSP00000264613	9606.ENSP00000348170	0	0	0	0	0.166	0.238	0	0.923	0.947
CRH	CRP	9606.ENSP00000276571	9606.ENSP00000255030	0	0	0	0	0	0	0	0.419	0.418
CRH	IL1A	9606.ENSP00000276571	9606.ENSP00000263339	0	0	0	0	0	0	0	0.541	0.541
CRH	IL1B	9606.ENSP00000276571	9606.ENSP00000263341	0	0	0	0	0	0	0	0.738	0.738
CRH	TLR4	9606.ENSP00000276571	9606.ENSP00000363089	0	0	0	0	0	0	0	0.417	0.417
CRH	TNF	9606.ENSP00000276571	9606.ENSP00000398698	0	0	0	0	0	0	0	0.558	0.558
CRP	SIRT1	9606.ENSP00000255030	9606.ENSP00000212015	0	0	0	0	0	0	0	0.424	0.424
CRP	HMOX1	9606.ENSP00000255030	9606.ENSP00000216117	0	0	0	0	0	0	0	0.474	0.474
CRP	PON1	9606.ENSP00000255030	9606.ENSP00000222381	0	0	0	0	0.168	0	0	0.621	0.671
CRP	PTPRC	9606.ENSP00000255030	9606.ENSP00000411355	0	0	0	0	0	0	0	0.475	0.475
CRP	TLR4	9606.ENSP00000255030	9606.ENSP00000363089	0	0	0	0	0.045	0	0	0.673	0.674
CRP	ICAM1	9606.ENSP00000255030	9606.ENSP00000264832	0	0	0	0	0	0	0	0.789	0.789
CRP	RBP4	9606.ENSP00000255030	9606.ENSP00000360522	0	0	0	0	0.164	0	0	0.768	0.797
CRP	MMP9	9606.ENSP00000255030	9606.ENSP00000361405	0	0	0	0	0.059	0	0	0.803	0.806
CRP	IL1A	9606.ENSP00000255030	9606.ENSP00000263339	0	0	0	0	0.099	0	0	0.811	0.822
CRP	CST3	9606.ENSP00000255030	9606.ENSP00000381448	0	0	0	0	0	0	0	0.877	0.877
CRP	IL1B	9606.ENSP00000255030	9606.ENSP00000263341	0	0	0	0	0.067	0	0	0.883	0.886
CRP	HP	9606.ENSP00000255030	9606.ENSP00000348170	0	0	0	0	0.116	0	0	0.893	0.902
CRP	TNF	9606.ENSP00000255030	9606.ENSP00000398698	0	0	0	0	0	0	0	0.938	0.938
CST3	IL1A	9606.ENSP00000381448	9606.ENSP00000263339	0	0	0	0	0	0	0	0.464	0.463
CST3	IL1B	9606.ENSP00000381448	9606.ENSP00000263341	0	0	0	0	0.045	0	0	0.438	0.440
CST3	ICAM1	9606.ENSP00000381448	9606.ENSP00000264832	0	0	0	0	0	0	0	0.521	0.521
CST3	SOD1	9606.ENSP00000381448	9606.ENSP00000270142	0	0	0	0	0.042	0	0	0.578	0.579
CST3	HMCN1	9606.ENSP00000381448	9606.ENSP00000271588	0	0	0	0	0	0	0	0.525	0.525
CST3	FBLN5	9606.ENSP00000381448	9606.ENSP00000345008	0	0	0	0	0.049	0	0	0.502	0.506
CST3	HP	9606.ENSP00000381448	9606.ENSP00000348170	0	0	0	0	0	0	0	0.436	0.436
CST3	RBP4	9606.ENSP00000381448	9606.ENSP00000360522	0	0	0	0	0.067	0	0	0.419	0.434
CST3	MMP9	9606.ENSP00000381448	9606.ENSP00000361405	0	0	0	0	0.054	0	0	0.418	0.426
CST3	TNF	9606.ENSP00000381448	9606.ENSP00000398698	0	0	0	0	0.042	0	0	0.506	0.506
CST3	ITM2B	9606.ENSP00000381448	9606.ENSP00000497221	0	0	0	0	0.208	0	0.400	0.799	0.896
CTH	HMOX1	9606.ENSP00000359976	9606.ENSP00000216117	0	0	0	0	0.044	0	0	0.483	0.485
CTH	NOS2	9606.ENSP00000359976	9606.ENSP00000327251	0.055	0	0	0	0.075	0.050	0.449	0.404	0.677
CWC27	PRPF6	9606.ENSP00000370460	9606.ENSP00000266079	0	0	0	0	0.067	0	0.900	0.478	0.947
CWC27	DHX38	9606.ENSP00000370460	9606.ENSP00000268482	0	0	0	0	0.090	0.613	0.400	0.686	0.924
CWC27	PRPF3	9606.ENSP00000370460	9606.ENSP00000315379	0	0	0	0	0.127	0	0.900	0.455	0.948
CWC27	PRPF8	9606.ENSP00000370460	9606.ENSP00000460348	0	0	0	0	0.077	0.949	0.900	0.615	0.997
CYP4V2	ROM1	9606.ENSP00000368079	9606.ENSP00000278833	0	0	0	0	0	0	0	0.407	0.407
CYP4V2	RPGR	9606.ENSP00000368079	9606.ENSP00000495537	0	0	0	0	0	0	0	0.445	0.445
CYP4V2	RDH12	9606.ENSP00000368079	9606.ENSP00000449079	0	0	0	0	0.091	0	0.155	0.384	0.486
DHX38	PRPF6	9606.ENSP00000268482	9606.ENSP00000266079	0	0	0	0	0.305	0.113	0	0.644	0.761
DHX38	PRPF3	9606.ENSP00000268482	9606.ENSP00000315379	0	0	0	0	0.259	0.126	0	0.689	0.781
DHX38	PRPF8	9606.ENSP00000268482	9606.ENSP00000460348	0	0	0	0	0.156	0.994	0	0.626	0.998
DRAM2	RAB28	9606.ENSP00000286692	9606.ENSP00000328551	0	0	0	0	0.099	0	0	0.363	0.401
DRAM2	TTLL5	9606.ENSP00000286692	9606.ENSP00000298832	0	0	0	0	0	0	0	0.477	0.477
ELOVL4	TIMP3	9606.ENSP00000358831	9606.ENSP00000266085	0	0	0	0	0.082	0	0	0.399	0.425
ELOVL4	RPGR	9606.ENSP00000358831	9606.ENSP00000495537	0	0	0	0	0	0	0	0.418	0.418
ELOVL4	PROM1	9606.ENSP00000358831	9606.ENSP00000426809	0	0	0	0	0	0	0	0.722	0.722
ERCC6	HMCN1	9606.ENSP00000348089	9606.ENSP00000271588	0	0	0	0	0	0	0	0.486	0.485
ERCC6	FBLN5	9606.ENSP00000348089	9606.ENSP00000345008	0	0	0	0	0	0.107	0	0.402	0.443
FAM161A	IMPG2	9606.ENSP00000385158	9606.ENSP00000193391	0	0	0	0	0	0	0	0.582	0.582
FAM161A	TULP1	9606.ENSP00000385158	9606.ENSP00000229771	0	0	0	0	0	0	0	0.598	0.598
FAM161A	GUCA1B	9606.ENSP00000385158	9606.ENSP00000230361	0	0	0	0	0	0	0	0.445	0.445
FAM161A	PRPF6	9606.ENSP00000385158	9606.ENSP00000266079	0	0	0	0	0.109	0	0	0.473	0.510
FAM161A	ROM1	9606.ENSP00000385158	9606.ENSP00000278833	0	0	0	0	0	0	0	0.507	0.507
FAM161A	NPHP1	9606.ENSP00000385158	9606.ENSP00000313169	0	0	0	0	0.095	0.091	0	0.343	0.413
FAM161A	PRPF3	9606.ENSP00000385158	9606.ENSP00000315379	0	0	0	0	0	0	0	0.447	0.447
FAM161A	LRAT	9606.ENSP00000385158	9606.ENSP00000337224	0	0	0	0	0.042	0	0	0.407	0.407
FAM161A	KLHL7	9606.ENSP00000385158	9606.ENSP00000343273	0	0	0	0	0.056	0	0	0.425	0.434
FAM161A	OFD1	9606.ENSP00000385158	9606.ENSP00000344314	0	0	0	0	0.042	0.054	0	0.515	0.522
FAM161A	KCNV2	9606.ENSP00000385158	9606.ENSP00000371514	0	0	0	0	0.110	0.067	0	0.447	0.501
FAM161A	SPATA7	9606.ENSP00000385158	9606.ENSP00000377176	0	0	0	0	0.049	0	0	0.624	0.627
FAM161A	RPGRIP1	9606.ENSP00000385158	9606.ENSP00000382895	0	0	0	0	0	0.071	0	0.594	0.607
FAM161A	IDH3B	9606.ENSP00000385158	9606.ENSP00000482773	0	0	0	0	0	0	0	0.473	0.473
FAM161A	PRPF8	9606.ENSP00000385158	9606.ENSP00000460348	0	0	0	0	0.189	0.063	0	0.447	0.543
FAM161A	RDH12	9606.ENSP00000385158	9606.ENSP00000449079	0	0	0	0	0.046	0.046	0	0.557	0.561
FAM161A	RPGR	9606.ENSP00000385158	9606.ENSP00000495537	0	0	0	0	0.049	0	0	0.613	0.616
FAM161A	PDE6B	9606.ENSP00000385158	9606.ENSP00000420295	0	0	0	0	0	0	0	0.788	0.788
FBLN5	ICAM1	9606.ENSP00000345008	9606.ENSP00000264832	0	0	0	0	0	0	0	0.438	0.438
FBLN5	TIMP3	9606.ENSP00000345008	9606.ENSP00000266085	0	0	0	0	0.173	0	0	0.393	0.476
FBLN5	MMP9	9606.ENSP00000345008	9606.ENSP00000361405	0	0	0	0	0.045	0	0	0.423	0.426
FBLN5	FBN2	9606.ENSP00000345008	9606.ENSP00000424571	0	0	0	0.681	0.103	0.044	0	0.396	0.436
FZD4	TSPAN12	9606.ENSP00000434034	9606.ENSP00000222747	0	0	0	0	0.106	0.191	0	0.997	0.997
FZD4	KIF11	9606.ENSP00000434034	9606.ENSP00000260731	0	0	0	0	0.067	0	0	0.397	0.413
FZD4	LRP5	9606.ENSP00000434034	9606.ENSP00000294304	0	0	0	0	0.060	0.093	0.800	0.998	0.999
FZD4	PDE6B	9606.ENSP00000434034	9606.ENSP00000420295	0	0	0	0	0	0	0.500	0.091	0.526
GUCA1B	IMPG2	9606.ENSP00000230361	9606.ENSP00000193391	0	0	0	0	0	0	0	0.711	0.711
GUCA1B	TULP1	9606.ENSP00000230361	9606.ENSP00000229771	0	0	0	0	0.094	0	0	0.785	0.797
GUCA1B	REEP6	9606.ENSP00000230361	9606.ENSP00000233596	0	0	0	0	0	0.044	0	0.413	0.415
GUCA1B	PRPF6	9606.ENSP00000230361	9606.ENSP00000266079	0	0	0	0	0	0	0	0.472	0.472
GUCA1B	PROM1	9606.ENSP00000230361	9606.ENSP00000426809	0	0	0	0	0.100	0	0	0.454	0.487
GUCA1B	PDE6C	9606.ENSP00000230361	9606.ENSP00000360502	0	0	0	0	0.128	0	0	0.478	0.525
GUCA1B	RPGR	9606.ENSP00000230361	9606.ENSP00000495537	0	0	0	0	0	0	0	0.599	0.599
GUCA1B	KCNV2	9606.ENSP00000230361	9606.ENSP00000371514	0	0	0	0	0.354	0.129	0	0.373	0.616
GUCA1B	SPATA7	9606.ENSP00000230361	9606.ENSP00000377176	0	0	0	0	0	0	0	0.649	0.649
GUCA1B	RD3	9606.ENSP00000230361	9606.ENSP00000355969	0	0	0	0	0	0	0	0.657	0.657
GUCA1B	IDH3B	9606.ENSP00000230361	9606.ENSP00000482773	0	0	0	0	0	0.071	0	0.650	0.661
GUCA1B	RPGRIP1	9606.ENSP00000230361	9606.ENSP00000382895	0	0	0	0	0.123	0.071	0	0.620	0.663
GUCA1B	KLHL7	9606.ENSP00000230361	9606.ENSP00000343273	0	0	0	0	0	0	0	0.682	0.682
GUCA1B	LRAT	9606.ENSP00000230361	9606.ENSP00000337224	0	0	0	0	0	0	0	0.685	0.685
GUCA1B	PRPF3	9606.ENSP00000230361	9606.ENSP00000315379	0	0	0	0	0.042	0	0	0.697	0.698
GUCA1B	PRPF8	9606.ENSP00000230361	9606.ENSP00000460348	0	0	0	0	0	0.064	0	0.694	0.701
GUCA1B	ROM1	9606.ENSP00000230361	9606.ENSP00000278833	0	0	0	0	0.166	0	0	0.696	0.736
GUCA1B	RDH12	9606.ENSP00000230361	9606.ENSP00000449079	0	0	0	0	0.074	0.057	0	0.760	0.772
GUCA1B	MERTK	9606.ENSP00000230361	9606.ENSP00000295408	0	0	0	0	0	0.099	0	0.811	0.823
GUCA1B	PDE6B	9606.ENSP00000230361	9606.ENSP00000420295	0	0	0	0	0.121	0	0	0.829	0.843
HIC1	SIRT1	9606.ENSP00000314080	9606.ENSP00000212015	0	0	0	0	0	0.738	0	0.548	0.876
HIC1	TIMP3	9606.ENSP00000314080	9606.ENSP00000266085	0	0	0	0	0.056	0	0	0.475	0.483
HMOX1	SIRT1	9606.ENSP00000216117	9606.ENSP00000212015	0	0	0	0	0.049	0	0	0.731	0.733
HMOX1	PTPRC	9606.ENSP00000216117	9606.ENSP00000411355	0	0	0	0	0.070	0	0	0.391	0.410
HMOX1	OCLN	9606.ENSP00000216117	9606.ENSP00000347379	0	0	0	0	0	0	0	0.478	0.478
HMOX1	PON1	9606.ENSP00000216117	9606.ENSP00000222381	0	0	0	0	0	0	0	0.534	0.534
HMOX1	IL1A	9606.ENSP00000216117	9606.ENSP00000263339	0	0	0	0	0	0	0	0.591	0.591
HMOX1	HP	9606.ENSP00000216117	9606.ENSP00000348170	0	0	0	0	0.042	0	0	0.610	0.610
HMOX1	MMP9	9606.ENSP00000216117	9606.ENSP00000361405	0	0	0	0	0.083	0	0	0.640	0.656
HMOX1	ICAM1	9606.ENSP00000216117	9606.ENSP00000264832	0	0	0	0	0.080	0	0	0.662	0.675
HMOX1	SQSTM1	9606.ENSP00000216117	9606.ENSP00000374455	0	0	0	0	0.105	0.292	0	0.542	0.684
HMOX1	NOS2	9606.ENSP00000216117	9606.ENSP00000327251	0	0	0	0	0	0.186	0	0.666	0.716
HMOX1	TLR4	9606.ENSP00000216117	9606.ENSP00000363089	0	0	0	0	0.074	0	0	0.709	0.719
HMOX1	SOD1	9606.ENSP00000216117	9606.ENSP00000270142	0	0	0	0	0.042	0	0	0.741	0.741
HMOX1	TNF	9606.ENSP00000216117	9606.ENSP00000398698	0	0	0	0	0.044	0	0	0.792	0.792
HMOX1	IL1B	9606.ENSP00000216117	9606.ENSP00000263341	0	0	0	0	0.067	0	0	0.812	0.817
HP	PON1	9606.ENSP00000348170	9606.ENSP00000222381	0	0	0	0	0.254	0	0	0.783	0.831
HP	IL1A	9606.ENSP00000348170	9606.ENSP00000263339	0	0	0	0	0	0	0	0.507	0.507
HP	IL1B	9606.ENSP00000348170	9606.ENSP00000263341	0	0	0	0	0	0	0	0.650	0.650
HP	ICAM1	9606.ENSP00000348170	9606.ENSP00000264832	0	0	0	0	0.088	0	0	0.398	0.427
HP	OCLN	9606.ENSP00000348170	9606.ENSP00000347379	0	0	0	0	0	0.107	0	0.742	0.759
HP	TLR4	9606.ENSP00000348170	9606.ENSP00000363089	0	0	0	0	0.074	0	0	0.521	0.538
HP	TNF	9606.ENSP00000348170	9606.ENSP00000398698	0	0	0	0	0	0.066	0	0.657	0.666
HP	RBP4	9606.ENSP00000348170	9606.ENSP00000360522	0	0	0	0	0.187	0	0	0.686	0.734
HP	MMP9	9606.ENSP00000348170	9606.ENSP00000361405	0	0	0	0	0.106	0	0	0.776	0.791
HTRA1	TIMP3	9606.ENSP00000357980	9606.ENSP00000266085	0	0	0	0	0.230	0	0	0.324	0.457
ICAM1	SIRT1	9606.ENSP00000264832	9606.ENSP00000212015	0	0	0	0	0	0	0	0.494	0.494
ICAM1	PON1	9606.ENSP00000264832	9606.ENSP00000222381	0	0	0	0	0.084	0	0	0.373	0.401
ICAM1	IL1A	9606.ENSP00000264832	9606.ENSP00000263339	0	0	0	0	0.155	0	0	0.781	0.807
ICAM1	IL1B	9606.ENSP00000264832	9606.ENSP00000263341	0	0	0	0	0.271	0	0	0.885	0.912
ICAM1	PROM1	9606.ENSP00000264832	9606.ENSP00000426809	0	0	0	0	0	0	0	0.475	0.475
ICAM1	TIMP3	9606.ENSP00000264832	9606.ENSP00000266085	0	0	0	0	0.088	0	0	0.468	0.495
ICAM1	NOS2	9606.ENSP00000264832	9606.ENSP00000327251	0	0	0	0	0.074	0.166	0	0.533	0.608
ICAM1	THY1	9606.ENSP00000264832	9606.ENSP00000284240	0	0	0	0	0	0	0	0.611	0.611
ICAM1	ITGA2	9606.ENSP00000264832	9606.ENSP00000296585	0	0	0	0	0.048	0	0	0.677	0.679
ICAM1	OCLN	9606.ENSP00000264832	9606.ENSP00000347379	0	0	0	0	0	0	0	0.691	0.691
ICAM1	TLR4	9606.ENSP00000264832	9606.ENSP00000363089	0	0	0	0	0.140	0	0	0.741	0.768
ICAM1	MMP9	9606.ENSP00000264832	9606.ENSP00000361405	0	0	0	0	0.094	0	0	0.779	0.791
ICAM1	PTPRC	9606.ENSP00000264832	9606.ENSP00000411355	0	0	0	0	0.119	0	0	0.813	0.828
ICAM1	TNF	9606.ENSP00000264832	9606.ENSP00000398698	0	0	0	0	0.255	0	0	0.929	0.944
IDH3B	IMPG2	9606.ENSP00000482773	9606.ENSP00000193391	0	0	0	0	0	0	0	0.733	0.733
IDH3B	TULP1	9606.ENSP00000482773	9606.ENSP00000229771	0	0	0	0	0	0	0	0.693	0.693
IDH3B	PRPF6	9606.ENSP00000482773	9606.ENSP00000266079	0	0	0	0	0.201	0	0	0.360	0.466
IDH3B	ROM1	9606.ENSP00000482773	9606.ENSP00000278833	0	0	0	0	0	0	0	0.553	0.553
IDH3B	MERTK	9606.ENSP00000482773	9606.ENSP00000295408	0	0	0	0	0	0	0	0.593	0.593
IDH3B	PRPF3	9606.ENSP00000482773	9606.ENSP00000315379	0	0	0	0	0.080	0	0	0.669	0.682
IDH3B	KLHL7	9606.ENSP00000482773	9606.ENSP00000343273	0	0	0	0	0.042	0	0	0.638	0.638
IDH3B	SPATA7	9606.ENSP00000482773	9606.ENSP00000377176	0	0	0	0	0	0	0	0.588	0.588
IDH3B	PDE6B	9606.ENSP00000482773	9606.ENSP00000420295	0	0	0	0	0	0	0	0.555	0.555
IDH3B	PROM1	9606.ENSP00000482773	9606.ENSP00000426809	0	0	0	0	0	0	0	0.490	0.489
IDH3B	RDH12	9606.ENSP00000482773	9606.ENSP00000449079	0	0	0	0	0	0.057	0	0.682	0.687
IDH3B	PRPF8	9606.ENSP00000482773	9606.ENSP00000460348	0	0	0	0	0.149	0	0	0.660	0.698
IDH3B	RPGR	9606.ENSP00000482773	9606.ENSP00000495537	0	0	0	0	0	0	0	0.592	0.592
IFT80	IQCB1	9606.ENSP00000312778	9606.ENSP00000311505	0	0	0	0	0.111	0.087	0	0.336	0.414
IFT80	NPHP1	9606.ENSP00000312778	9606.ENSP00000313169	0	0	0	0	0.094	0.055	0	0.377	0.420
IFT80	OFD1	9606.ENSP00000312778	9606.ENSP00000344314	0	0	0	0	0.063	0.100	0	0.476	0.519
IL1A	SIRT1	9606.ENSP00000263339	9606.ENSP00000212015	0	0	0	0	0	0	0	0.447	0.447
IL1A	PRKCQ	9606.ENSP00000263339	9606.ENSP00000263125	0	0	0	0	0.062	0	0	0.415	0.427
IL1A	TIMP3	9606.ENSP00000263339	9606.ENSP00000266085	0	0	0	0	0.111	0	0	0.370	0.415
IL1A	SOD1	9606.ENSP00000263339	9606.ENSP00000270142	0	0	0	0	0	0	0	0.420	0.420
IL1A	OCLN	9606.ENSP00000263339	9606.ENSP00000347379	0	0	0	0	0.046	0	0	0.448	0.450
IL1A	THY1	9606.ENSP00000263339	9606.ENSP00000284240	0	0	0	0	0	0	0	0.480	0.480
IL1A	NOS2	9606.ENSP00000263339	9606.ENSP00000327251	0	0	0	0	0.100	0	0	0.595	0.620
IL1A	MMP9	9606.ENSP00000263339	9606.ENSP00000361405	0	0	0	0	0.080	0.051	0	0.720	0.734
IL1A	PTPRC	9606.ENSP00000263339	9606.ENSP00000411355	0	0	0	0	0.064	0	0	0.759	0.764
IL1A	TLR4	9606.ENSP00000263339	9606.ENSP00000363089	0	0	0	0	0.086	0	0	0.972	0.974
IL1A	TNF	9606.ENSP00000263339	9606.ENSP00000398698	0	0	0	0	0.619	0	0.400	0.976	0.994
IL1A	IL1B	9606.ENSP00000263339	9606.ENSP00000263341	0	0	0	0	0.961	0	0.900	0.983	0.999
IL1B	SIRT1	9606.ENSP00000263341	9606.ENSP00000212015	0	0	0	0	0	0	0	0.719	0.719
IL1B	TNFRSF10A	9606.ENSP00000263341	9606.ENSP00000221132	0	0	0	0	0.054	0	0	0.433	0.440
IL1B	PON1	9606.ENSP00000263341	9606.ENSP00000222381	0	0	0	0	0.086	0	0	0.442	0.468
IL1B	ITGA2	9606.ENSP00000263341	9606.ENSP00000296585	0	0	0	0	0.060	0	0	0.404	0.416
IL1B	PROM1	9606.ENSP00000263341	9606.ENSP00000426809	0	0	0	0	0	0	0	0.419	0.418
IL1B	TIMP3	9606.ENSP00000263341	9606.ENSP00000266085	0	0	0	0	0.111	0	0	0.483	0.521
IL1B	MERTK	9606.ENSP00000263341	9606.ENSP00000295408	0	0	0	0	0.055	0.071	0	0.506	0.528
IL1B	THY1	9606.ENSP00000263341	9606.ENSP00000284240	0	0	0	0	0	0	0	0.597	0.597
IL1B	SOD1	9606.ENSP00000263341	9606.ENSP00000270142	0	0	0	0	0	0	0	0.645	0.645
IL1B	SQSTM1	9606.ENSP00000263341	9606.ENSP00000374455	0	0	0	0	0.042	0	0.400	0.507	0.691
IL1B	OCLN	9606.ENSP00000263341	9606.ENSP00000347379	0	0	0	0	0.046	0	0	0.801	0.802
IL1B	NOS2	9606.ENSP00000263341	9606.ENSP00000327251	0	0	0	0	0.073	0	0	0.796	0.803
IL1B	PTPRC	9606.ENSP00000263341	9606.ENSP00000411355	0	0	0	0	0.197	0	0	0.770	0.807
IL1B	MMP9	9606.ENSP00000263341	9606.ENSP00000361405	0	0	0	0	0.275	0.051	0	0.932	0.949
IL1B	TLR4	9606.ENSP00000263341	9606.ENSP00000363089	0	0	0	0	0.181	0	0	0.984	0.986
IL1B	TNF	9606.ENSP00000263341	9606.ENSP00000398698	0	0	0	0	0.616	0	0.400	0.993	0.998
IMPG2	LRAT	9606.ENSP00000193391	9606.ENSP00000337224	0	0	0	0	0	0	0	0.445	0.445
IMPG2	PRPF6	9606.ENSP00000193391	9606.ENSP00000266079	0	0	0	0	0	0	0	0.478	0.478
IMPG2	PROM1	9606.ENSP00000193391	9606.ENSP00000426809	0	0	0	0	0	0	0	0.557	0.557
IMPG2	MERTK	9606.ENSP00000193391	9606.ENSP00000295408	0	0	0	0	0	0	0	0.610	0.610
IMPG2	PDE6B	9606.ENSP00000193391	9606.ENSP00000420295	0	0	0	0	0	0	0	0.647	0.647
IMPG2	ROM1	9606.ENSP00000193391	9606.ENSP00000278833	0	0	0	0	0	0	0	0.650	0.650
IMPG2	SPATA7	9606.ENSP00000193391	9606.ENSP00000377176	0	0	0	0	0	0	0	0.655	0.655
IMPG2	KLHL7	9606.ENSP00000193391	9606.ENSP00000343273	0	0	0	0	0	0	0	0.681	0.681
IMPG2	PRPF8	9606.ENSP00000193391	9606.ENSP00000460348	0	0	0	0	0	0	0	0.682	0.682
IMPG2	RPGR	9606.ENSP00000193391	9606.ENSP00000495537	0	0	0	0	0	0	0	0.703	0.703
IMPG2	PRPF3	9606.ENSP00000193391	9606.ENSP00000315379	0	0	0	0	0	0	0	0.722	0.722
IMPG2	TULP1	9606.ENSP00000193391	9606.ENSP00000229771	0	0	0	0	0	0	0	0.747	0.747
IMPG2	RDH12	9606.ENSP00000193391	9606.ENSP00000449079	0	0	0	0	0	0	0	0.774	0.774
IQCB1	SIRT1	9606.ENSP00000311505	9606.ENSP00000212015	0	0	0	0	0.049	0.292	0	0.183	0.401
IQCB1	TULP1	9606.ENSP00000311505	9606.ENSP00000229771	0	0	0	0	0	0	0	0.632	0.632
IQCB1	KCNJ13	9606.ENSP00000311505	9606.ENSP00000233826	0	0	0	0	0	0	0	0.632	0.632
IQCB1	TTLL5	9606.ENSP00000311505	9606.ENSP00000298832	0	0	0	0	0.049	0	0	0.416	0.421
IQCB1	LRAT	9606.ENSP00000311505	9606.ENSP00000337224	0	0	0	0	0	0	0	0.522	0.522
IQCB1	NMNAT1	9606.ENSP00000311505	9606.ENSP00000366410	0	0	0	0	0.055	0	0	0.569	0.575
IQCB1	RDH12	9606.ENSP00000311505	9606.ENSP00000449079	0	0	0	0	0	0.051	0	0.630	0.634
IQCB1	RD3	9606.ENSP00000311505	9606.ENSP00000355969	0	0	0	0	0	0	0	0.639	0.639
IQCB1	SPATA7	9606.ENSP00000311505	9606.ENSP00000377176	0	0	0	0	0.044	0	0	0.740	0.741
IQCB1	OFD1	9606.ENSP00000311505	9606.ENSP00000344314	0	0	0	0	0.128	0.116	0	0.778	0.814
IQCB1	RPGRIP1	9606.ENSP00000311505	9606.ENSP00000382895	0	0	0	0	0	0.066	0	0.852	0.856
IQCB1	NPHP1	9606.ENSP00000311505	9606.ENSP00000313169	0	0	0	0	0	0.182	0	0.933	0.943
IQCB1	SDCCAG8	9606.ENSP00000311505	9606.ENSP00000355499	0	0	0	0	0	0.116	0	0.962	0.965
IQCB1	RPGR	9606.ENSP00000311505	9606.ENSP00000495537	0	0	0	0	0.073	0.305	0	0.985	0.989
ITGA2	THY1	9606.ENSP00000296585	9606.ENSP00000284240	0	0	0	0	0.094	0	0	0.548	0.573
ITGA2	MMP9	9606.ENSP00000296585	9606.ENSP00000361405	0	0	0	0	0.073	0	0	0.400	0.421
ITGA2	TNF	9606.ENSP00000296585	9606.ENSP00000398698	0	0	0	0	0.048	0	0	0.475	0.479
ITGA2	PTPRC	9606.ENSP00000296585	9606.ENSP00000411355	0	0	0	0	0.064	0.074	0	0.700	0.717
KCNJ13	TULP1	9606.ENSP00000233826	9606.ENSP00000229771	0	0	0	0	0.042	0	0	0.505	0.505
KCNJ13	LRAT	9606.ENSP00000233826	9606.ENSP00000337224	0	0	0	0	0.045	0	0	0.419	0.422
KCNJ13	RPGRIP1	9606.ENSP00000233826	9606.ENSP00000382895	0	0	0	0	0	0	0	0.487	0.487
KCNJ13	NMNAT1	9606.ENSP00000233826	9606.ENSP00000366410	0	0	0	0	0.044	0	0	0.486	0.488
KCNJ13	RDH12	9606.ENSP00000233826	9606.ENSP00000449079	0	0	0	0	0	0	0	0.506	0.506
KCNJ13	RD3	9606.ENSP00000233826	9606.ENSP00000355969	0	0	0	0	0	0	0	0.579	0.579
KCNJ13	SPATA7	9606.ENSP00000233826	9606.ENSP00000377176	0	0	0	0	0	0	0	0.599	0.599
KCNV2	SLC1A1	9606.ENSP00000371514	9606.ENSP00000262352	0	0	0	0	0.068	0.051	0	0.591	0.607
KCNV2	PITPNM3	9606.ENSP00000371514	9606.ENSP00000262483	0	0	0	0	0	0	0	0.439	0.439
KCNV2	ROM1	9606.ENSP00000371514	9606.ENSP00000278833	0	0	0	0	0.157	0	0	0.349	0.428
KCNV2	TTLL5	9606.ENSP00000371514	9606.ENSP00000298832	0	0	0	0	0.042	0	0	0.475	0.476
KCNV2	RAB28	9606.ENSP00000371514	9606.ENSP00000328551	0	0	0	0	0	0	0	0.427	0.427
KCNV2	UNC119	9606.ENSP00000371514	9606.ENSP00000337040	0	0	0	0	0.100	0	0	0.389	0.427
KCNV2	PDE6C	9606.ENSP00000371514	9606.ENSP00000360502	0	0	0	0	0.182	0.045	0	0.583	0.645
KCNV2	RDH12	9606.ENSP00000371514	9606.ENSP00000449079	0	0	0	0	0.077	0	0	0.451	0.472
KCNV2	RPGR	9606.ENSP00000371514	9606.ENSP00000495537	0	0	0	0	0	0	0	0.512	0.512
KCNV2	RPGRIP1	9606.ENSP00000371514	9606.ENSP00000382895	0	0	0	0	0.139	0	0	0.558	0.603
KIF11	TSPAN12	9606.ENSP00000260731	9606.ENSP00000222747	0	0	0	0	0.044	0	0	0.604	0.605
KIF11	PLK4	9606.ENSP00000260731	9606.ENSP00000270861	0	0	0	0	0.821	0.069	0	0.518	0.912
KIF11	NEK2	9606.ENSP00000260731	9606.ENSP00000355966	0	0	0	0	0.845	0.054	0	0.745	0.959
KLHL7	TULP1	9606.ENSP00000343273	9606.ENSP00000229771	0	0	0	0	0	0	0	0.600	0.600
KLHL7	ROM1	9606.ENSP00000343273	9606.ENSP00000278833	0	0	0	0	0	0	0	0.597	0.597
KLHL7	MERTK	9606.ENSP00000343273	9606.ENSP00000295408	0	0	0	0	0	0	0	0.512	0.512
KLHL7	PRPF3	9606.ENSP00000343273	9606.ENSP00000315379	0	0	0	0	0.049	0	0	0.723	0.725
KLHL7	PROM1	9606.ENSP00000343273	9606.ENSP00000426809	0	0	0	0	0	0	0	0.441	0.441
KLHL7	PDE6B	9606.ENSP00000343273	9606.ENSP00000420295	0	0	0	0	0	0	0	0.487	0.487
KLHL7	SPATA7	9606.ENSP00000343273	9606.ENSP00000377176	0	0	0	0	0.049	0	0	0.545	0.548
KLHL7	RPGR	9606.ENSP00000343273	9606.ENSP00000495537	0	0	0	0	0	0	0	0.625	0.625
KLHL7	RDH12	9606.ENSP00000343273	9606.ENSP00000449079	0	0	0	0	0.058	0	0	0.665	0.670
KLHL7	PRPF8	9606.ENSP00000343273	9606.ENSP00000460348	0	0	0	0	0	0	0	0.734	0.734
LRAT	TULP1	9606.ENSP00000337224	9606.ENSP00000229771	0	0	0	0	0	0	0	0.894	0.894
LRAT	RDH5	9606.ENSP00000337224	9606.ENSP00000257895	0	0	0	0	0	0	0.900	0.762	0.975
LRAT	ROM1	9606.ENSP00000337224	9606.ENSP00000278833	0	0	0	0	0	0	0	0.452	0.452
LRAT	MERTK	9606.ENSP00000337224	9606.ENSP00000295408	0	0	0	0	0	0	0	0.797	0.797
LRAT	PRPF3	9606.ENSP00000337224	9606.ENSP00000315379	0	0	0	0	0	0	0	0.411	0.411
LRAT	NMNAT1	9606.ENSP00000337224	9606.ENSP00000366410	0	0	0	0	0	0	0	0.416	0.416
LRAT	RPGR	9606.ENSP00000337224	9606.ENSP00000495537	0	0	0	0	0	0	0	0.447	0.447
LRAT	RBP4	9606.ENSP00000337224	9606.ENSP00000360522	0	0	0	0	0	0	0	0.576	0.576
LRAT	PDE6B	9606.ENSP00000337224	9606.ENSP00000420295	0	0	0	0	0.064	0	0	0.666	0.674
LRAT	RPGRIP1	9606.ENSP00000337224	9606.ENSP00000382895	0	0	0	0	0	0	0	0.806	0.806
LRAT	RD3	9606.ENSP00000337224	9606.ENSP00000355969	0	0	0	0	0	0	0	0.839	0.839
LRAT	SPATA7	9606.ENSP00000337224	9606.ENSP00000377176	0	0	0	0	0	0	0	0.902	0.902
LRAT	RDH11	9606.ENSP00000337224	9606.ENSP00000370750	0	0	0	0	0	0	0.900	0.671	0.965
LRAT	RDH12	9606.ENSP00000337224	9606.ENSP00000449079	0	0	0	0	0.042	0	0.900	0.883	0.987
LRP5	TSPAN12	9606.ENSP00000294304	9606.ENSP00000222747	0	0	0	0	0.062	0	0	0.985	0.985
MERTK	TULP1	9606.ENSP00000295408	9606.ENSP00000229771	0	0	0	0	0	0	0	0.949	0.949
MERTK	PROM1	9606.ENSP00000295408	9606.ENSP00000426809	0	0	0	0	0	0	0	0.448	0.448
MERTK	MYO7A	9606.ENSP00000295408	9606.ENSP00000386331	0	0	0	0	0.163	0.045	0.099	0.387	0.499
MERTK	TNF	9606.ENSP00000295408	9606.ENSP00000398698	0	0	0	0	0.055	0.075	0	0.478	0.503
MERTK	TUB	9606.ENSP00000295408	9606.ENSP00000305426	0	0	0	0	0	0	0	0.504	0.504
MERTK	TLR4	9606.ENSP00000295408	9606.ENSP00000363089	0	0	0	0	0.081	0.177	0	0.418	0.521
MERTK	RD3	9606.ENSP00000295408	9606.ENSP00000355969	0	0	0	0	0	0	0	0.529	0.529
MERTK	PTPRC	9606.ENSP00000295408	9606.ENSP00000411355	0	0	0	0	0.055	0.097	0	0.508	0.544
MERTK	PRPF8	9606.ENSP00000295408	9606.ENSP00000460348	0	0	0	0	0	0.071	0	0.589	0.601
MERTK	PRPF3	9606.ENSP00000295408	9606.ENSP00000315379	0	0	0	0	0.076	0.071	0	0.600	0.626
MERTK	SPATA7	9606.ENSP00000295408	9606.ENSP00000377176	0	0	0	0	0	0	0	0.678	0.678
MERTK	RPGRIP1	9606.ENSP00000295408	9606.ENSP00000382895	0	0	0	0	0	0.071	0	0.670	0.680
MERTK	RPGR	9606.ENSP00000295408	9606.ENSP00000495537	0	0	0	0	0.055	0.078	0	0.664	0.682
MERTK	PDE6B	9606.ENSP00000295408	9606.ENSP00000420295	0	0	0	0	0	0	0	0.685	0.685
MERTK	RDH12	9606.ENSP00000295408	9606.ENSP00000449079	0	0	0	0	0.054	0.108	0	0.735	0.757
MMP9	SIRT1	9606.ENSP00000361405	9606.ENSP00000212015	0	0	0	0	0	0	0	0.597	0.597
MMP9	TIMP3	9606.ENSP00000361405	9606.ENSP00000266085	0	0	0	0	0.108	0.303	0.900	0.942	0.995
MMP9	SOD1	9606.ENSP00000361405	9606.ENSP00000270142	0	0	0	0	0.053	0	0	0.423	0.430
MMP9	THY1	9606.ENSP00000361405	9606.ENSP00000284240	0	0	0	0	0.074	0	0	0.640	0.652
MMP9	NOS2	9606.ENSP00000361405	9606.ENSP00000327251	0	0	0	0	0.049	0	0	0.679	0.681
MMP9	OCLN	9606.ENSP00000361405	9606.ENSP00000347379	0	0	0	0	0.087	0	0	0.755	0.766
MMP9	PROM1	9606.ENSP00000361405	9606.ENSP00000426809	0	0	0	0	0.042	0	0	0.573	0.573
MMP9	VIM	9606.ENSP00000361405	9606.ENSP00000446007	0	0	0	0	0.057	0	0	0.704	0.709
MMP9	PTPRC	9606.ENSP00000361405	9606.ENSP00000411355	0	0	0	0	0.168	0	0	0.667	0.711
MMP9	TNF	9606.ENSP00000361405	9606.ENSP00000398698	0	0	0	0	0.207	0	0	0.915	0.930
MMP9	TLR4	9606.ENSP00000361405	9606.ENSP00000363089	0	0	0	0	0.180	0	0	0.923	0.934
MYO7A	RPGRIP1	9606.ENSP00000386331	9606.ENSP00000382895	0	0	0	0	0.057	0	0	0.410	0.421
MYO7A	RPGR	9606.ENSP00000386331	9606.ENSP00000495537	0	0	0	0	0.059	0	0	0.570	0.578
MYO7A	PDZD7	9606.ENSP00000386331	9606.ENSP00000480489	0	0	0	0	0.047	0.078	0	0.832	0.840
NEK2	PLK4	9606.ENSP00000355966	9606.ENSP00000270861	0	0	0	0.652	0.512	0	0	0.285	0.636
NEK2	RD3	9606.ENSP00000355966	9606.ENSP00000355969	0	0	0	0	0	0	0	0.407	0.407
NMNAT1	SIRT1	9606.ENSP00000366410	9606.ENSP00000212015	0.042	0	0	0	0	0.292	0.900	0.814	0.985
NMNAT1	TULP1	9606.ENSP00000366410	9606.ENSP00000229771	0	0	0	0	0.060	0	0	0.518	0.527
NMNAT1	PCYT1A	9606.ENSP00000366410	9606.ENSP00000292823	0	0	0	0	0.064	0.420	0	0.089	0.462
NMNAT1	RD3	9606.ENSP00000366410	9606.ENSP00000355969	0	0	0	0	0	0	0	0.448	0.448
NMNAT1	SPATA7	9606.ENSP00000366410	9606.ENSP00000377176	0	0	0	0	0	0	0	0.533	0.533
NMNAT1	RPGRIP1	9606.ENSP00000366410	9606.ENSP00000382895	0	0	0	0	0.068	0	0	0.523	0.536
NMNAT1	RDH12	9606.ENSP00000366410	9606.ENSP00000449079	0	0	0	0	0.055	0	0	0.592	0.598
NOS2	SOD1	9606.ENSP00000327251	9606.ENSP00000270142	0	0	0	0	0	0.162	0	0.391	0.468
NOS2	VIM	9606.ENSP00000327251	9606.ENSP00000446007	0	0	0	0	0	0	0.400	0.101	0.437
NOS2	PTPRC	9606.ENSP00000327251	9606.ENSP00000411355	0	0	0	0	0	0.057	0	0.464	0.473
NOS2	TLR4	9606.ENSP00000327251	9606.ENSP00000363089	0	0	0	0	0	0	0	0.754	0.754
NOS2	TNF	9606.ENSP00000327251	9606.ENSP00000398698	0	0	0	0	0.042	0	0	0.858	0.858
NPHP1	RP2	9606.ENSP00000313169	9606.ENSP00000218340	0	0	0	0	0	0	0	0.422	0.422
NPHP1	PKD2	9606.ENSP00000313169	9606.ENSP00000237596	0	0	0	0	0.055	0.091	0	0.701	0.721
NPHP1	SPATA7	9606.ENSP00000313169	9606.ENSP00000377176	0	0	0	0	0.067	0.259	0	0.463	0.596
NPHP1	OFD1	9606.ENSP00000313169	9606.ENSP00000344314	0	0	0	0	0.049	0.115	0	0.797	0.815
NPHP1	SDCCAG8	9606.ENSP00000313169	9606.ENSP00000355499	0	0	0	0	0.049	0.115	0	0.850	0.862
NPHP1	RPGRIP1	9606.ENSP00000313169	9606.ENSP00000382895	0	0	0	0	0	0.051	0	0.906	0.907
NPHP1	RPGR	9606.ENSP00000313169	9606.ENSP00000495537	0	0	0	0	0.059	0.682	0	0.839	0.948
OCLN	SIRT1	9606.ENSP00000347379	9606.ENSP00000212015	0	0	0	0	0.042	0.107	0	0.361	0.405
OCLN	VIM	9606.ENSP00000347379	9606.ENSP00000446007	0	0	0	0	0	0	0	0.440	0.440
OCLN	TNF	9606.ENSP00000347379	9606.ENSP00000398698	0	0	0	0	0	0	0	0.726	0.726
OCLN	TLR4	9606.ENSP00000347379	9606.ENSP00000363089	0	0	0	0	0	0.088	0	0.733	0.746
OFD1	TULP1	9606.ENSP00000344314	9606.ENSP00000229771	0	0	0	0	0	0	0	0.574	0.574
OFD1	PKD2	9606.ENSP00000344314	9606.ENSP00000237596	0	0	0	0	0.075	0	0	0.474	0.492
OFD1	PLK4	9606.ENSP00000344314	9606.ENSP00000270861	0	0	0	0	0.055	0.289	0	0.421	0.577
OFD1	TTLL5	9606.ENSP00000344314	9606.ENSP00000298832	0	0	0	0	0.049	0.422	0	0.194	0.518
OFD1	TUB	9606.ENSP00000344314	9606.ENSP00000305426	0	0	0	0	0	0	0	0.409	0.409
OFD1	RPGRIP1	9606.ENSP00000344314	9606.ENSP00000382895	0	0	0	0	0	0.089	0	0.463	0.490
OFD1	RPGR	9606.ENSP00000344314	9606.ENSP00000495537	0	0	0	0	0.174	0.047	0	0.680	0.726
OFD1	SDCCAG8	9606.ENSP00000344314	9606.ENSP00000355499	0	0	0	0	0	0.455	0	0.959	0.976
PCYT1A	VIM	9606.ENSP00000292823	9606.ENSP00000446007	0	0	0	0	0.461	0	0	0	0.461
PDE6B	TULP1	9606.ENSP00000420295	9606.ENSP00000229771	0	0	0	0	0.062	0	0	0.761	0.766
PDE6B	REEP6	9606.ENSP00000420295	9606.ENSP00000233596	0	0	0	0	0.042	0	0	0.472	0.472
PDE6B	RDH5	9606.ENSP00000420295	9606.ENSP00000257895	0	0	0	0	0.067	0	0	0.431	0.447
PDE6B	ROM1	9606.ENSP00000420295	9606.ENSP00000278833	0	0	0	0	0.067	0	0	0.758	0.764
PDE6B	TUB	9606.ENSP00000420295	9606.ENSP00000305426	0	0	0	0	0.062	0	0	0.580	0.589
PDE6B	PRPF3	9606.ENSP00000420295	9606.ENSP00000315379	0	0	0	0	0	0	0	0.568	0.568
PDE6B	RD3	9606.ENSP00000420295	9606.ENSP00000355969	0	0	0	0	0	0.091	0	0.912	0.917
PDE6B	PDE6C	9606.ENSP00000420295	9606.ENSP00000360502	0	0	0.055	0.969	0	0	0	0.402	0.411
PDE6B	SPATA7	9606.ENSP00000420295	9606.ENSP00000377176	0	0	0	0	0	0	0	0.435	0.435
PDE6B	RPGRIP1	9606.ENSP00000420295	9606.ENSP00000382895	0	0	0	0	0.086	0.062	0	0.641	0.665
PDE6B	PROM1	9606.ENSP00000420295	9606.ENSP00000426809	0	0	0	0	0.060	0	0	0.535	0.544
PDE6B	PRPF8	9606.ENSP00000420295	9606.ENSP00000460348	0	0	0	0	0	0	0	0.553	0.553
PDE6B	RDH12	9606.ENSP00000420295	9606.ENSP00000449079	0	0	0	0	0.055	0.062	0	0.730	0.739
PDE6B	RPGR	9606.ENSP00000420295	9606.ENSP00000495537	0	0	0	0	0.068	0	0	0.788	0.794
PDE6C	RDH5	9606.ENSP00000360502	9606.ENSP00000257895	0	0	0	0	0.067	0	0	0.413	0.429
PDE6C	PITPNM3	9606.ENSP00000360502	9606.ENSP00000262483	0	0	0	0	0.055	0	0	0.415	0.424
PDE6C	ROM1	9606.ENSP00000360502	9606.ENSP00000278833	0	0	0	0	0.067	0	0	0.616	0.627
PDE6C	RPGRIP1	9606.ENSP00000360502	9606.ENSP00000382895	0	0	0	0	0.086	0.062	0	0.505	0.539
PDE6C	RPGR	9606.ENSP00000360502	9606.ENSP00000495537	0	0	0	0	0.068	0	0	0.536	0.549
PITPNM3	TTLL5	9606.ENSP00000262483	9606.ENSP00000298832	0	0	0	0	0	0	0	0.442	0.442
PITPNM3	RAB28	9606.ENSP00000262483	9606.ENSP00000328551	0	0	0	0	0.055	0	0	0.461	0.469
PITPNM3	PROM1	9606.ENSP00000262483	9606.ENSP00000426809	0	0	0	0	0	0	0	0.586	0.586
PITPNM3	RPGRIP1	9606.ENSP00000262483	9606.ENSP00000382895	0	0	0	0	0	0.066	0	0.716	0.723
PITPNM3	UNC119	9606.ENSP00000262483	9606.ENSP00000337040	0	0	0	0	0	0	0	0.812	0.812
PON1	TNF	9606.ENSP00000222381	9606.ENSP00000398698	0	0	0	0	0	0	0	0.477	0.477
PON1	RBP4	9606.ENSP00000222381	9606.ENSP00000360522	0	0	0	0	0.129	0	0	0.555	0.596
PROM1	TULP1	9606.ENSP00000426809	9606.ENSP00000229771	0	0	0	0	0.055	0	0	0.555	0.561
PROM1	THY1	9606.ENSP00000426809	9606.ENSP00000284240	0	0	0	0	0	0	0	0.791	0.791
PROM1	PRPF3	9606.ENSP00000426809	9606.ENSP00000315379	0	0	0	0	0	0	0	0.460	0.459
PROM1	UNC119	9606.ENSP00000426809	9606.ENSP00000337040	0	0	0	0	0	0	0	0.533	0.533
PROM1	RPGRIP1	9606.ENSP00000426809	9606.ENSP00000382895	0	0	0	0	0	0	0	0.520	0.520
PROM1	TNF	9606.ENSP00000426809	9606.ENSP00000398698	0	0	0	0	0	0	0	0.481	0.481
PROM1	PTPRC	9606.ENSP00000426809	9606.ENSP00000411355	0	0	0	0	0	0	0	0.771	0.771
PROM1	VIM	9606.ENSP00000426809	9606.ENSP00000446007	0	0	0	0	0	0	0	0.478	0.478
PROM1	PRPF8	9606.ENSP00000426809	9606.ENSP00000460348	0	0	0	0	0	0	0	0.482	0.482
PROM1	RPGR	9606.ENSP00000426809	9606.ENSP00000495537	0	0	0	0	0.044	0	0	0.535	0.536
PROM1	RDH12	9606.ENSP00000426809	9606.ENSP00000449079	0	0	0	0	0	0	0	0.557	0.557
PRPF3	TULP1	9606.ENSP00000315379	9606.ENSP00000229771	0	0	0	0	0	0	0	0.685	0.685
PRPF3	PRPF6	9606.ENSP00000315379	9606.ENSP00000266079	0	0	0	0	0.203	0.997	0.900	0.987	0.999
PRPF3	ROM1	9606.ENSP00000315379	9606.ENSP00000278833	0	0	0	0	0	0	0	0.711	0.711
PRPF3	SPATA7	9606.ENSP00000315379	9606.ENSP00000377176	0	0	0	0	0	0	0	0.443	0.443
PRPF3	RDH12	9606.ENSP00000315379	9606.ENSP00000449079	0	0	0	0	0	0	0	0.706	0.706
PRPF3	RPGR	9606.ENSP00000315379	9606.ENSP00000495537	0	0	0	0	0.071	0	0	0.724	0.732
PRPF3	PRPF8	9606.ENSP00000315379	9606.ENSP00000460348	0	0	0	0	0.156	0.997	0.900	0.989	0.999
PRPF6	RPGR	9606.ENSP00000266079	9606.ENSP00000495537	0	0	0	0	0.104	0	0	0.398	0.437
PRPF6	RDH12	9606.ENSP00000266079	9606.ENSP00000449079	0	0	0	0	0	0	0	0.462	0.462
PRPF6	SPATA7	9606.ENSP00000266079	9606.ENSP00000377176	0	0	0	0	0	0	0	0.468	0.468
PRPF6	ROM1	9606.ENSP00000266079	9606.ENSP00000278833	0	0	0	0	0	0	0	0.506	0.506
PRPF6	PRPF8	9606.ENSP00000266079	9606.ENSP00000460348	0	0	0	0	0.290	0.999	0.900	0.930	0.999
PRPF8	TULP1	9606.ENSP00000460348	9606.ENSP00000229771	0	0	0	0	0	0	0	0.661	0.661
PRPF8	ROM1	9606.ENSP00000460348	9606.ENSP00000278833	0	0	0	0	0	0	0	0.703	0.703
PRPF8	UNC119	9606.ENSP00000460348	9606.ENSP00000337040	0	0	0	0	0	0	0	0.462	0.461
PRPF8	SPATA7	9606.ENSP00000460348	9606.ENSP00000377176	0	0	0	0	0	0	0	0.563	0.563
PRPF8	RPGRIP1	9606.ENSP00000460348	9606.ENSP00000382895	0	0	0	0	0	0	0	0.405	0.405
PRPF8	RDH12	9606.ENSP00000460348	9606.ENSP00000449079	0	0	0	0	0	0.045	0	0.692	0.693
PRPF8	RPGR	9606.ENSP00000460348	9606.ENSP00000495537	0	0	0	0	0.086	0	0	0.746	0.757
PTPRC	TIMP3	9606.ENSP00000411355	9606.ENSP00000266085	0	0	0	0	0	0	0	0.412	0.412
PTPRC	THY1	9606.ENSP00000411355	9606.ENSP00000284240	0	0	0	0	0.052	0	0	0.912	0.913
PTPRC	TLR4	9606.ENSP00000411355	9606.ENSP00000363089	0	0	0	0	0.272	0.113	0	0.670	0.768
PTPRC	TNF	9606.ENSP00000411355	9606.ENSP00000398698	0	0	0	0	0.180	0	0	0.804	0.833
PTPRC	VIM	9606.ENSP00000411355	9606.ENSP00000446007	0	0	0	0	0.117	0.045	0	0.489	0.532
RAB28	TTLL5	9606.ENSP00000328551	9606.ENSP00000298832	0	0	0	0	0	0	0	0.518	0.518
RAB28	RPGR	9606.ENSP00000328551	9606.ENSP00000495537	0	0	0	0	0.067	0	0	0.414	0.430
RAB28	RPGRIP1	9606.ENSP00000328551	9606.ENSP00000382895	0	0	0	0	0.060	0	0	0.491	0.501
RB1	SIRT1	9606.ENSP00000267163	9606.ENSP00000212015	0	0	0	0	0.049	0.510	0.540	0.264	0.821
RBP4	TNF	9606.ENSP00000360522	9606.ENSP00000398698	0	0	0	0	0	0	0	0.433	0.433
RCBTB1	TSPAN12	9606.ENSP00000367552	9606.ENSP00000222747	0	0	0	0	0.047	0	0	0.468	0.472
RD3	TULP1	9606.ENSP00000355969	9606.ENSP00000229771	0	0	0	0	0.056	0	0	0.776	0.779
RD3	TUB	9606.ENSP00000355969	9606.ENSP00000305426	0	0	0	0	0	0	0	0.642	0.642
RD3	RDH12	9606.ENSP00000355969	9606.ENSP00000449079	0	0	0	0	0	0	0	0.851	0.851
RD3	RPGRIP1	9606.ENSP00000355969	9606.ENSP00000382895	0	0	0	0	0	0	0	0.860	0.860
RD3	SPATA7	9606.ENSP00000355969	9606.ENSP00000377176	0	0	0	0	0	0	0	0.892	0.892
RDH11	RDH5	9606.ENSP00000370750	9606.ENSP00000257895	0	0	0	0.605	0.101	0	0.900	0.367	0.938
RDH11	RDH12	9606.ENSP00000370750	9606.ENSP00000449079	0	0	0.053	0.974	0	0	0.900	0.065	0.903
RDH12	TULP1	9606.ENSP00000449079	9606.ENSP00000229771	0	0	0	0	0.052	0	0	0.891	0.893
RDH12	REEP6	9606.ENSP00000449079	9606.ENSP00000233596	0	0	0	0	0.080	0.063	0	0.367	0.407
RDH12	RDH5	9606.ENSP00000449079	9606.ENSP00000257895	0	0	0	0.608	0.101	0	0.900	0.355	0.936
RDH12	ROM1	9606.ENSP00000449079	9606.ENSP00000278833	0	0	0	0	0.060	0	0	0.722	0.728
RDH12	SPATA7	9606.ENSP00000449079	9606.ENSP00000377176	0	0	0	0	0	0	0	0.916	0.916
RDH12	RPGRIP1	9606.ENSP00000449079	9606.ENSP00000382895	0	0	0	0	0.074	0	0	0.862	0.866
RDH12	RPGR	9606.ENSP00000449079	9606.ENSP00000495537	0	0	0	0	0	0.091	0	0.750	0.763
REEP6	ROM1	9606.ENSP00000233596	9606.ENSP00000278833	0	0	0	0	0.056	0	0	0.528	0.535
ROM1	TSPAN12	9606.ENSP00000278833	9606.ENSP00000222747	0	0	0	0	0	0	0	0.456	0.456
ROM1	TULP1	9606.ENSP00000278833	9606.ENSP00000229771	0	0	0	0	0.054	0	0	0.624	0.629
ROM1	SPATA7	9606.ENSP00000278833	9606.ENSP00000377176	0	0	0	0	0	0	0	0.527	0.527
ROM1	RPGRIP1	9606.ENSP00000278833	9606.ENSP00000382895	0	0	0	0	0.098	0	0	0.545	0.572
ROM1	RPGR	9606.ENSP00000278833	9606.ENSP00000495537	0	0	0	0	0	0	0	0.614	0.614
RP2	RPGR	9606.ENSP00000218340	9606.ENSP00000495537	0	0	0	0	0.172	0	0	0.377	0.462
RPGR	TULP1	9606.ENSP00000495537	9606.ENSP00000229771	0	0	0	0	0	0	0	0.758	0.758
RPGR	TTLL5	9606.ENSP00000495537	9606.ENSP00000298832	0	0	0	0	0	0	0	0.620	0.620
RPGR	SDCCAG8	9606.ENSP00000495537	9606.ENSP00000355499	0	0	0	0	0.056	0.047	0	0.484	0.496
RPGR	SPATA7	9606.ENSP00000495537	9606.ENSP00000377176	0	0	0	0	0.120	0.259	0	0.789	0.850
RPGR	RPGRIP1	9606.ENSP00000495537	9606.ENSP00000382895	0	0	0	0	0.054	0.977	0	0.999	0.999
RPGRIP1	TULP1	9606.ENSP00000382895	9606.ENSP00000229771	0	0	0	0	0.059	0	0	0.867	0.870
RPGRIP1	TTLL5	9606.ENSP00000382895	9606.ENSP00000298832	0	0	0	0	0	0	0	0.507	0.507
RPGRIP1	UNC119	9606.ENSP00000382895	9606.ENSP00000337040	0	0	0	0	0.049	0	0	0.671	0.673
RPGRIP1	SDCCAG8	9606.ENSP00000382895	9606.ENSP00000355499	0	0	0	0	0	0	0	0.462	0.462
RPGRIP1	SPATA7	9606.ENSP00000382895	9606.ENSP00000377176	0	0	0	0	0.060	0.259	0	0.935	0.951
SDCCAG8	SPATA7	9606.ENSP00000355499	9606.ENSP00000377176	0	0	0	0	0.050	0	0	0.522	0.526
SIRT1	VIM	9606.ENSP00000212015	9606.ENSP00000446007	0	0	0	0	0.044	0	0	0.428	0.430
SIRT1	TLR4	9606.ENSP00000212015	9606.ENSP00000363089	0	0	0	0	0.044	0.045	0	0.606	0.609
SIRT1	SOD1	9606.ENSP00000212015	9606.ENSP00000270142	0	0	0	0	0	0	0	0.638	0.638
SIRT1	TNF	9606.ENSP00000212015	9606.ENSP00000398698	0	0	0	0	0	0	0	0.706	0.706
SIRT1	SQSTM1	9606.ENSP00000212015	9606.ENSP00000374455	0	0	0	0	0	0	0	0.707	0.707
SLC1A1	SOD1	9606.ENSP00000262352	9606.ENSP00000270142	0	0	0	0	0	0	0	0.508	0.508
SOD1	TNF	9606.ENSP00000270142	9606.ENSP00000398698	0	0	0	0	0	0	0	0.574	0.574
SOD1	TLR4	9606.ENSP00000270142	9606.ENSP00000363089	0	0	0	0	0	0	0	0.631	0.631
SOD1	SQSTM1	9606.ENSP00000270142	9606.ENSP00000374455	0	0	0	0	0.053	0.251	0	0.884	0.910
SPATA7	TULP1	9606.ENSP00000377176	9606.ENSP00000229771	0	0	0	0	0	0	0	0.860	0.860
SQSTM1	TLR4	9606.ENSP00000374455	9606.ENSP00000363089	0	0	0	0	0	0	0	0.577	0.577
SQSTM1	VIM	9606.ENSP00000374455	9606.ENSP00000446007	0	0	0	0	0.054	0.437	0	0.213	0.544
SQSTM1	TNF	9606.ENSP00000374455	9606.ENSP00000398698	0	0	0	0	0	0	0	0.675	0.675
THY1	TLR4	9606.ENSP00000284240	9606.ENSP00000363089	0	0	0	0	0	0	0	0.405	0.405
THY1	TNF	9606.ENSP00000284240	9606.ENSP00000398698	0	0	0	0	0	0	0	0.619	0.619
THY1	VIM	9606.ENSP00000284240	9606.ENSP00000446007	0	0	0	0	0.084	0	0	0.641	0.658
TIMP3	TNF	9606.ENSP00000266085	9606.ENSP00000398698	0	0	0	0	0	0	0	0.484	0.484
TLR4	TNF	9606.ENSP00000363089	9606.ENSP00000398698	0	0	0	0	0.125	0	0	0.966	0.969
TNF	TNFRSF10A	9606.ENSP00000398698	9606.ENSP00000221132	0	0	0	0	0.044	0	0	0.997	0.997
TNF	VIM	9606.ENSP00000398698	9606.ENSP00000446007	0	0	0	0	0.103	0.096	0	0.367	0.442
